Speed,Heading,Steering,Accelerate,X,Y,Lateral,Beta,Yaw,Road_heading
5.017677247524261,0.05528817720723973,0.2718817567836206,0.08838623762130737,74.49858717663827,0.15645266178645725,0.15645266178645725,0.13850011113345556,0.19378828834069528,0.0
5.020074734091758,0.10893836766176979,0.26341551046190725,0.011987432837486267,75.48070863025063,0.36291556759196847,0.36291556759196847,0.13403261938509617,0.24297098704686595,0.0
5.022472220659256,0.16261418852689805,0.26341551046190725,0.011987432837486267,76.4508064357835,0.6218790524255555,0.6218790524255555,0.13403261938509617,0.2966468079119942,0.0
5.038920798897742,0.19030480889660478,0.13714438013391717,0.08224289119243622,77.42737019293463,0.8616271470112409,0.8616271470112409,0.06889614783992254,0.2592009567365273,0.0
5.084941589832305,0.27057047919562577,0.38487918769446483,0.23010395467281342,78.35142275532873,1.2708495585332689,1.2708495585332689,0.19983733341434315,0.4704078126099689,0.0
5.08569912314415,0.2845296040984988,0.06855912913434692,0.0037876665592193604,79.32011753268429,1.5806615353632747,1.5806615353632747,0.03431989346604485,0.31884949756454367,0.0
5.087072777748108,0.293117196314089,0.0421949578636473,0.006868273019790649,80.2893231868143,1.8895214912085307,1.8895214912085307,0.02110687367715018,0.3142240699912392,0.0
5.122013595700264,0.28892176991992957,-0.02056916654834945,0.17470408976078033,81.26894815470355,2.172737450676769,2.172737450676769,-0.010285671216905245,0.2786360987030243,0.0
5.220606610178947,0.37083400291946017,0.3850946228624901,0.49296507239341736,82.16537583169335,2.6814645582408847,-2.3185354417591153,0.1999577927893717,0.5707917957088319,0.0
5.240547677874564,0.2962441328205608,-0.34781059906753015,0.09970533847808838,83.19613186434921,2.854841110914893,-2.145158889085107,-0.17932733141260296,0.11691680140795782,0.0
5.282674768567084,0.37521481434275744,0.36535866423202334,0.2106354534626007,84.11230649837037,3.3691794791896283,-1.6308205208103717,0.18898410689467593,0.5641989212374334,0.0
5.378898051381109,0.38408834854805834,0.04172499835651888,0.4811164140701294,85.09174048117643,3.7821744959185466,-1.2178255040814534,0.02087158340657616,0.40495993195463453,0.0
5.4306664675474146,0.36038431223592887,-0.10954475699025956,0.2588420808315277,86.11573826692785,4.122937485197231,-0.8770625148027689,-0.054937190407995384,0.3054471218279335,0.0
5.45772982239723,0.28104982651188104,-0.3551043341037279,0.13531677424907684,87.1911098197728,4.286134467249753,-0.7138655327502468,-0.18333001014006514,0.0977198163718159,0.0
5.516135305166244,0.22455672216185288,-0.2543924424091908,0.29202741384506226,88.27675726996111,4.4313068466128565,-0.5686931533871435,-0.1292878038939056,0.09526891826794728,0.0
5.591927486658094,0.22073672226687308,-0.01723284728011737,0.37896090745925903,89.35959879615761,4.667394086238092,-0.33260591376190796,-0.008617063394595758,0.21211965887227732,0.0
5.626866674423215,0.14083117055627603,-0.3475862927642722,0.1746959388256073,90.47992479030414,4.684084922039436,-0.31591507796056373,-0.17920448104031136,-0.03837331048403533,0.0
5.694041037559506,0.05146784114203973,-0.38345994649737225,0.3358718156814575,91.60507285294184,4.584814825144529,-0.4151851748554707,-0.19904415066255132,-0.1475763095205116,0.0
5.7027215152978865,0.06500626059732585,0.05936736907207402,0.04340238869190216,92.74027143442139,4.6823293658435885,-0.3176706341564115,0.0297098625181752,0.09471612311550105,0.0
5.788177588582036,0.0007386101283233214,-0.27591444846427315,0.42728036642074585,93.88094538391849,4.571278501432623,-0.42872149856737707,-0.14063352418916947,-0.13989491406084614,0.0
5.825672343373294,-0.03731648482705012,-0.1631038497471683,0.18747377395629883,95.03589220282743,4.46234095139107,-0.5376590486089299,-0.08209792842241141,-0.11941441324946153,0.0
5.8778711944818465,-0.015555203728469622,0.0929397239296958,0.2609942555427551,96.20432694028753,4.481630853188986,-0.5183691468110139,0.0465704282609271,0.031015224532457482,0.0
5.915365949273105,-0.05419872989142141,-0.1631038497471683,0.18747377395629883,97.37514678004698,4.351685466893806,-0.6483145331061939,-0.08209792842241141,-0.1362966583138328,0.0
5.9528607040643635,-0.09308823884900316,-0.1631038497471683,0.18747377395629883,98.5474722019158,4.175393275116928,-0.824606724883072,-0.08209792842241141,-0.17518616727141456,0.0
6.0190238147973965,-0.09472316969543512,-0.006840745378788871,0.33081555366516113,99.73683150050807,4.059597839269928,-0.9404021607300717,-0.0034204127046293677,-0.09814358240006449,0.0
6.111969950795169,-0.17648620302754228,-0.3302373717120735,0.4647306799888611,100.89542438023967,3.7116837717958795,-1.2714152947468094,-0.16974571423119436,-0.34623191725873664,-0.14846735087183527
6.178133061528202,-0.17816467133219707,-0.006840745378788871,0.33081555366516113,102.1023059794131,3.491486888376327,-1.414630665223136,-0.0034204127046293677,-0.18158508403682644,-0.1396594755350531
6.2710791975259745,-0.26207799260528447,-0.3302373717120735,0.4647306799888611,103.25713074969278,3.035741366014666,-1.7351277458372145,-0.16974571423119436,-0.43182370683647886,-0.12142965464058664
6.276553699374197,-0.3226220070943066,-0.23844317115516703,0.027372509241104126,104.41095036005792,2.543556337595839,-2.0289657301798343,-0.120940513936408,-0.4435625210307146,-0.10174225350383348
6.321536481380461,-0.3099514651225414,0.0503209177367786,0.22491391003131866,105.61554505141513,2.1798588332558806,-2.1203041084975993,0.025176396751679066,-0.28477506837086236,-0.08719435333023529
6.325062283873557,-0.41131421373819954,-0.38831489176532996,0.01762901246547699,106.69615105427557,1.5240070232711,-2.458453529549054,-0.20176020062410893,-0.6130744143623085,-0.060960280930844046
6.32583218514919,-0.3509570405698021,0.23579945582238326,0.003849506378173828,107.91466544720748,1.1846292897943356,-2.3851719598129115,0.11956158819544704,-0.23139545237435505,-0.04738517159177347
6.354495951533316,-0.4503355881354343,-0.380437183238578,0.14331883192062378,108.97314049812691,0.4889690499918131,2.367724585452308,-0.19735697172889802,-0.6476925598643323,-0.02444845249959071
6.3556862384080866,-0.3625753725310782,0.3371277626788004,0.005951434373855591,110.20501023654113,0.17758172234844435,-2.388563997614849,0.17349235536989532,-0.18908301716118286,-0.007103268893937864
6.413978096842764,-0.4626618569010939,-0.3807409318452124,0.2914592921733856,111.26162460456825,-0.5351934111456538,2.487838586127495,-0.19752637807293894,-0.6601882349740329,0.02675967055728279
6.472269955277442,-0.5636634973863899,-0.3807409318452124,0.2914592921733856,112.25043521438494,-1.3577240147618626,2.3071203173253423,-0.19752637807293894,-0.7611898754593288,0.06788620073809315
6.5429139703512185,-0.5925103358517255,-0.11073737462185668,0.3532200753688812,113.30106681896817,-2.121854639923463,2.283322464091441,-0.055538952178084654,-0.6480492880298102,0.10609273199617308
6.571577736735344,-0.6952940855440943,-0.380437183238578,0.14331883192062378,114.1908022782838,-3.0833238168322374,2.080597872057268,-0.19735697172889802,-0.8926510572729923,0.15416619084161187
6.661953446269035,-0.7017810152706669,-0.02456227751744927,0.45187854766845703,115.19232096852929,-3.9437040756764237,2.1045528165639347,-0.012282991357702928,-0.7140640066283699,0.1971852037838211
6.756125196814535,-0.8090447875587453,-0.38817613691134767,0.47085875272750854,115.98236194369274,-5.023680832701982,1.9026489060107963,-0.20168246823657554,-1.0107272557953209,0.2511840416350992
6.786551788449285,-0.8970157418923278,-0.31821934754741354,0.15213295817375183,116.71148494598944,-6.163253837051697,1.696296307847021,-0.16324154945548922,-1.060257291347817,0.3081626918525848
6.790230020880697,-0.9892521416087728,-0.33196717286237754,0.018391162157058716,117.32895136606287,-7.3717783204246246,1.4421206562193767,-0.17068506870311742,-1.1599372103118903,0.3685889160212312
6.813387614488601,-1.0060500952997617,-0.06172678675700538,0.11578796803951263,118.03384049121733,-8.534351876121235,1.3700839905526436,-0.03089282029802658,-1.0369429155977883,0.42671759380606167
6.886870735883713,-1.1143578664052576,-0.3839341894286368,0.3674156069755554,118.47594173759421,-9.827871457119457,1.0910555018913364,-0.19930912168693946,-1.313666988092197,0.49139357285597285
6.924682444334032,-1.210936643875688,-0.3415067329204877,0.18905854225158691,118.81503022543721,-11.16496388419276,0.7861306055680828,-0.17588025029632998,-1.3868168941720178,0.558248194209638
6.959286344051362,-1.2368020458726536,-0.09305778727036501,0.17301949858665466,119.23108099066685,-12.488312230390699,0.6460632861978297,-0.04662984422770637,-1.28343189010036,0.624415611519535
6.9769153863191615,-1.2623745676410443,-0.09162677250857049,0.08814521133899689,119.61545548604997,-13.827230442726433,0.5637831619673292,-0.045909744559247116,-1.3082843122002914,0.6913615221363214
7.073802974820139,-1.2639227230620775,-0.005521825251900092,0.4844379425048828,120.03661269275139,-15.164312322555393,0.6118830656763556,-0.0027609336715494243,-1.266683656733627,0.7582156161277696
7.155638185143474,-1.373776301072032,-0.37548758131921944,0.4091760516166687,120.14390927715336,-16.57983562004054,0.4321953140657051,-0.19460064614294614,-1.5683769472149782,0.8289917810020269
7.252525773644451,-1.3753639317863653,-0.005521825251900092,0.4844379425048828,120.42067394706291,-17.990529338918993,0.5193054655853082,-0.0027609336715494243,-1.3781248654579148,0.8995264669459497
7.334360983967786,-1.487982347695926,-0.37548758131921944,0.4091760516166687,120.36726618364902,-19.4448285532491,0.3748312172371264,-0.19460064614294614,-1.682582993838872,0.9722414276624551
7.41619619429112,-1.6018667525700316,-0.37548758131921944,0.4091760516166687,120.14771627169597,-20.899982526665255,0.16780700802804915,-0.19460064614294614,-1.7964673987129778,1.0449991263332628
7.513083782792098,-1.603511933881717,-0.005521825251900092,0.4844379425048828,120.09651090674242,-22.38880048887636,0.23798701453464943,-0.0027609336715494243,-1.6062728675532665,1.119440024443818
7.594918993115432,-1.7201611766554288,-0.37548758131921944,0.4091760516166687,119.6999869125804,-23.843024692639055,0.07133087625413381,-0.19460064614294614,-1.914761822798375,1.192151234631953
7.649958118796355,-1.7301897612782005,-0.03292384912475499,0.2751956284046173,119.44362137258327,-25.34393503710763,0.16462381898564615,-0.016466386870146194,-1.7466561481483467,1.2671967518553817
7.731793329119689,-1.8489564471210531,-0.37548758131921944,0.4091760516166687,118.85508420708072,-26.761245445855398,0.030692460202299543,-0.19460064614294614,-2.043557093263999,1.33806227229277
7.821349260210997,-1.9667079130364717,-0.3686256528866428,0.44777965545654297,118.10009514392578,-28.116698338162895,-0.16331085760776176,-0.1907921875776648,-2.1575001006141363,1.4058349169081445
7.906426796317106,-1.92189341396443,0.1421266811981836,0.4253876805305481,117.6218799801888,-29.611911312764637,0.07285463307676565,0.07142402936292708,-1.8504693846015028,1.480595565638232
7.946071499586111,-2.0474483114241395,-0.38425900405561264,0.1982235163450241,116.73795153280719,-30.925142471493913,-0.012059647451348354,-0.19949064570864025,-2.24693895713278,1.5462571235746956
7.985716202855116,-2.1736317204812097,-0.38425900405561264,0.1982235163450241,115.69107325116272,-32.1230878233015,-0.17125727271556457,-0.19949064570864025,-2.37312236618985,1.606154391165075
8.075272133946424,-2.2952354354279145,-0.3686256528866428,0.44777965545654297,114.50424066413339,-33.199469867914985,-0.38880416606125934,-0.1907921875776648,-2.4860276230055796,1.659973493395749
8.121463569998744,-2.25861349142348,0.11286096991241013,0.23095718026161194,113.51779159658318,-34.482051559192065,-0.18938398202236328,0.056610755736537795,-2.2020027356869423,1.724102577959603
8.161108273267748,-2.3875774976662933,-0.38425900405561264,0.1982235163450241,112.21412198232358,-35.453705375884304,-0.3022390702974711,-0.19949064570864025,-2.5870681433749336,1.7726852687942154
8.245979577302933,-2.384450123268923,0.009546839538472629,0.42435652017593384,111.02673767152307,-36.58187495957425,-0.08649903076956278,0.004773528536644018,-2.379676594732279,1.8290937479787126
8.253334853053094,-2.5112375626162358,-0.37322094775054754,0.036776378750801086,109.59722275547847,-37.403284555298306,-0.12587114032521285,-0.19334100338440402,-2.70457856600064,1.8701642277649153
8.292979556322098,-2.6422922045284873,-0.38425900405561264,0.1982235163450241,108.06726681453017,-38.027142091246155,-0.25009757404360045,-0.19949064570864025,-2.8417828502371276,1.9013571045623077
8.373423105478288,-2.749248708079329,-0.3147957213282108,0.4022177457809448,106.47940885120104,-38.52224624508127,-0.37714737800720144,-0.16139561444484216,-2.9106443225241714,1.9261123122540633
8.419614541530608,-2.7112772010403194,0.11286096991241013,0.23095718026161194,104.97732678061826,-39.26946882718228,-0.09808524883072067,0.056610755736537795,-2.6546664453037816,1.9634734413591142
8.458336240053177,-2.816498067379245,-0.30590192842032304,0.19360849261283875,103.33928328766605,-39.66794356261893,-0.0505935712951775,-0.15661424682514277,-2.973112314204388,1.9833971781309465
8.538779789209366,-2.9255803414210484,-0.3147957213282108,0.4022177457809448,101.65673267180662,-39.88336234480004,-0.04773543478225406,-0.16139561444484216,-3.0869759558658907,1.9941681172400019
8.61260842680931,-3.0017501610327857,-0.22013188407370315,0.36914318799972534,99.94979022322745,-40.01884725275177,0.018847252751768906,-0.11141563439758713,-3.1131657954303726,3.141592653589793
8.659330809116362,-2.870321113243373,0.37004065747297776,0.23361191153526306,98.34524191010598,-40.65086353315112,0.6508635331511172,0.19157632993986526,-2.678744783303508,3.141592653589793
8.661353689432145,-2.732548608355737,0.3855238079169131,0.010114401578903198,96.84099816123741,-41.50693772060756,1.50693772060756,0.20019781440821852,-2.5323507939475185,3.141592653589793
8.66296173334122,-2.8523295659122683,-0.3375619099513483,0.00804021954536438,95.14248612987461,-41.843095636457804,1.8430956364578037,-0.173728860813581,-3.0260584267258492,3.141592653589793
8.677669346332554,-2.9546756507836434,-0.29004059609788024,0.07353806495666504,93.41949819691207,-42.028183754911424,2.0281837549114243,-0.14813533828508196,-3.1028109890687254,3.141592653589793
8.774479120969776,-2.8571475473776533,0.2755258037956627,0.48404887318611145,91.78965990968882,-42.6413878667252,-2.3586121332747965,0.14042776450828032,-2.716719782869373,3.141592653589793
8.871913713216783,-2.715584357995382,0.38928226682609846,0.4871729612350464,90.27455553603816,-43.537140418163666,-1.4628595818363337,0.2023023142064895,-2.5132820437888923,3.141592653589793
8.931543862819673,-2.8464040879224632,-0.35806268215365583,0.2981507480144501,88.53185145236205,-43.88576869893597,-1.1142313010640308,-0.1849579635900966,-3.0313620515125597,3.141592653589793
8.986878454685213,-2.980153660873595,-0.36340626546677807,0.27667295932769775,86.74655209202312,-43.99785441346772,-1.0021455865322793,-0.18790513403508038,-3.1680587949086756,3.141592653589793
9.016771453619008,-2.9983894128189146,-0.05064556851692953,0.14946499466896057,84.9623937350275,-44.23114928656832,-0.7688507134316822,-0.025339032744257202,-3.023728445563172,3.141592653589793
9.05838980376721,-2.980389758246894,0.04980362990394971,0.20809175074100494,83.18359612194716,-44.5440427167469,-0.4559572832530989,0.024917266156798557,-2.955472492090095,3.141592653589793
9.153170636296279,-2.9892289504530676,-0.02430726163787139,0.47390416264533997,81.38497318451597,-44.80870931122759,-0.19129068877241195,-0.012155426305965236,-3.0013843767590327,3.141592653589793
9.244054546952253,-3.023622320502168,-0.09345822891036665,0.4544195532798767,79.55648022539712,-44.98122096514526,-0.018779034854738086,-0.04683137579174483,-3.070453696293913,3.141592653589793
9.334938457608226,-3.058356063588865,-0.09345822891036665,0.4544195532798767,77.70498197499639,-45.09162879663741,0.09162879663740853,-0.04683137579174483,-3.10518743938061,3.141592653589793
9.371066999435426,-3.0788116064983426,-0.05467755799690399,0.18064270913600922,75.83786376566823,-45.18330102888558,0.1833010288855803,-0.027359227523831277,-3.106170834022174,3.141592653589793
9.407195541262626,-3.0993462154627847,-0.05467755799690399,0.18064270913600922,73.96203726690288,-45.23692103270876,0.2369210327087572,-0.027359227523831277,-3.126705442986616,3.141592653589793
9.423555931448936,-3.1293331078519513,-0.07954026037111156,0.08180195093154907,72.07962423810064,-45.22264769306982,0.2226476930698169,-0.03983313274583739,-3.1691662405977885,3.141592653589793
9.43408280014992,-3.143783872794979,-0.038310828439780564,0.0526343435049057,70.19435531957399,-45.20055166679204,0.2005516667920375,-0.019162445493730283,-3.1629463182887094,3.141592653589793
9.444609668850903,-3.1582507743942188,-0.038310828439780564,0.0526343435049057,68.3074981980393,-45.151150077267936,0.1511500772679355,-0.019162445493730283,-3.1774132198879492,3.141592653589793
9.488680753111845,-3.105012437307152,0.14012873301562223,0.22035542130470276,66.42066946809491,-45.28628487762674,0.28628487762674126,0.07041000809073625,-3.0346024292164158,3.141592653589793
9.521261456608778,-3.069317057850598,0.09376775896925033,0.16290351748466492,64.52950146538831,-45.46737728259821,0.467377282598207,0.04698716174474964,-3.0223298961058482,3.141592653589793
9.599469015002258,-3.218967189203696,-0.3801694575267275,0.39103779196739197,62.65069322808563,-45.135545538657595,0.13554553865759544,-0.19720768064343028,-3.416174869847126,3.141592653589793
9.605752143263826,-3.139053747948482,0.20623479430127534,0.03141564130783081,60.733580386872475,-45.23818768906734,0.23818768906733823,0.10422561484402608,-3.034828133104456,3.141592653589793
9.61627901196481,-3.1537838017965734,-0.038310828439780564,0.0526343435049057,58.81218916045713,-45.19680690424185,0.19680690424185343,-0.019162445493730283,-3.172946247290304,3.141592653589793
9.626805880665794,-3.168529992300877,-0.038310828439780564,0.0526343435049057,56.8895123322922,-45.127042764118066,0.12704276411806603,-0.019162445493730283,-3.1876924377946074,3.141592653589793
9.720928570628178,-3.018846762275107,0.376131265274097,0.4706134498119354,55.005118683195356,-45.544307407049466,0.544307407049466,0.1949586584086367,-2.8238881038664703,3.141592653589793
9.787303087115298,-3.1647864874292244,-0.3642064933594818,0.3318725824356079,53.07073469728951,-45.32234162131669,0.32234162131668853,-0.1883472310373413,-3.353133718466566,3.141592653589793
9.797829955816281,-3.179794841049943,-0.038310828439780564,0.0526343435049057,51.11478415275516,-45.22964031859964,0.2296403185996425,-0.019162445493730283,-3.1989572865436733,3.141592653589793
9.823363828659073,-3.057468299250761,0.3058133575081319,0.12766936421394348,49.17937078573179,-45.54026881582774,0.5402688158277371,0.15656673019380005,-2.9009015690569613,3.141592653589793
9.901571387052552,-3.211853749967056,-0.3801694575267275,0.39103779196739197,47.23780203576921,-45.21787845638162,0.2178784563816194,-0.19720768064343028,-3.4090614306104863,3.141592653589793
9.995694077014937,-3.057912182653677,0.376131265274097,0.4706134498119354,45.283616685162194,-45.5654336203092,0.5654336203092001,0.1949586584086367,-2.8629535242450403,3.141592653589793
10.015631757842181,-3.2031975522464364,-0.3534706642262487,-0.018036643664055774,43.30477023587402,-45.27206545310338,0.27206545310338015,-0.18243212642971718,-3.3856296786761537,3.141592653589793
10.012505406273743,-3.320111166036514,-0.2868783991911149,-0.01563175784218096,41.36363729727709,-44.782553020083476,-0.21744697991652373,-0.14645207322709908,-3.466563239263613,3.141592653589793
10.010004325018995,-3.2575505675221406,0.15543394580774006,-0.012505406273742636,39.367912743683476,-44.62360650878011,-0.36828199660373073,0.0781892255578544,-3.1793613419642863,4.926536913940997
10.008003460015196,-3.1977585564295095,0.14865391738091316,-0.010004325018995175,37.36676384575806,-44.58100083946351,-0.2783589761174454,0.07473985539770653,-3.123018701031803,4.924832687168333
10.006402768012155,-3.3042109946606693,-0.26214059491084285,-0.00800346001519614,35.416543149404035,-44.13462030712226,-0.4340077735452894,-0.13336118133660033,-3.4375721759972695,4.906977465874684
10.005122214409724,-3.3332301883119246,-0.07242544606768048,-0.00640276801215478,33.45877131784374,-43.72029941795268,-0.39430396941411416,-0.03626027333151858,-3.3694904616434433,4.8904046303079
10.00409777152778,-3.4315817621037557,-0.2427545428782476,-0.005122214409723824,31.578169568362682,-43.038907893885415,-0.4700488226701083,-0.123192084676192,-3.5547738467799475,4.863148969345209
10.003278217222224,-3.5265808675673136,-0.2346914065591124,-0.004097771527780125,29.76912439015836,-42.185830918491334,-0.5688332393244337,-0.11898403076857302,-3.645564898335887,4.829025890329446
10.002622573777781,-3.6215727091625833,-0.2346914065591124,-0.0032782172222241,28.049284894508293,-41.165083359046335,-0.6940265546099198,-0.11898403076857302,-3.7405567399311566,4.788195987951647
10.002098059022227,-3.749099218533297,-0.31229944473112786,-0.0026225737777814118,26.49789435210363,-39.90400172918177,-0.9484690349610787,-0.16005157977750184,-3.9091507983107987,4.7377527227570635
10.001678447217783,-3.7912500403667213,-0.10511405796528933,-0.002098059022227261,24.935352227950606,-38.65520142504709,-1.0216732713687513,-0.05270260600008907,-3.8439526463668106,4.687800710591676
10.001342757774228,-3.9503703359799713,-0.3855347856541799,-0.0016784472177828746,23.697650511236578,-37.08617349816378,-1.3842441648983126,-0.20020395449436607,-4.150574290474338,4.625039593516345
10.001074206219384,-3.9484144803563326,0.0048890020008430235,-0.0013427577742284313,22.31223703629774,-35.64338764259951,-1.387026117052681,0.002444515607832655,-3.9459699647485,4.567328159293774
10.000859364975506,-4.069936441408813,-0.2981772996413856,-0.0010742062193838109,21.2317896459889,-33.96140641327802,-1.6084077299314643,-0.15247737002161751,-4.22241381143043,4.500048910120914
10.000687491980406,-4.1070081776757075,-0.09250677039830052,-0.0008593649755059829,20.129455833490905,-32.2925461451339,-1.6345294033388917,-0.046352550595498344,-4.153360728271206,4.433294499395149
10.000549993584324,-4.180755843941107,-0.18307254108902943,-0.0006874919804058521,19.191001196452156,-30.526702212271935,-1.6799251572404579,-0.09230970869781775,-4.273065552638925,4.362660742080671
10.000439994867458,-4.254502563849886,-0.18307254108902943,-0.0005499935843236159,18.385216013384827,-28.696535675439993,-1.7013172144381485,-0.09230970869781775,-4.346812272547704,4.289454080607393
10.000351995893968,-4.32824852667337,-0.18307254108902943,-0.0004399948674578269,17.716473859951655,-26.81199297834174,-1.6985239615342174,-0.09230970869781775,-4.420558235371188,4.214072372723463
10.000281596715173,-4.401993883828617,-0.18307254108902943,-0.00035199589396839315,17.18840477367642,-24.883316066406913,-1.6715698647753712,-0.09230970869781775,-4.4943035925264345,4.136925296246069
10.000225277372138,-4.4757387564492745,-0.18307254108902943,-0.0002815967151725829,16.803875249997873,-22.920986809438727,-1.620685053693805,-0.09230970869781775,-4.5680484651470925,4.058432125967342
10.00018022189771,-4.626752906959218,-0.36701988378277134,-0.0002252773721380663,16.811051135108563,-20.922646602544226,-1.792703168793306,-0.18990308099125888,-4.816655987950477,3.9784985176915626
10.00014417751817,-4.675795199119138,-0.12222242847187803,-0.00018022189770938724,16.795155753026304,-18.92285429071581,-1.7701691912029318,-0.061340293644777284,-4.737135492763915,3.8985068252184254
10.000115342014537,-4.749539125928277,-0.18307254108902943,-0.00014417751816964142,16.955547554062665,-16.929673161654367,-1.7519098541980718,-0.09230970869781775,-4.841848834626095,3.818779580055968
10.000092273611632,-4.823282854272048,-0.18307254108902943,-0.00011534201453677895,17.262354295971765,-14.953731701720045,-1.7091143169664136,-0.09230970869781775,-4.915592562969866,3.739741921658595
10.000073818889305,-4.983553098937917,-0.38820911693652665,-9.227361163155479e-05,17.977480165247442,-13.087972244589348,-1.918242970613413,-0.20170094352724413,-5.185254042465162,3.665111543373367
10.000059055111446,-5.1434301128398685,-0.38731397491884,-7.381888930524383e-05,18.98009845784495,-11.359607868553384,-2.2735256357908256,-0.20119961537025585,-5.3446297282101245,3.5959769683319287
10.000047244089158,-5.281841375403836,-0.33785418928024125,-5.905511144632669e-05,20.191315171809403,-9.769851669429793,2.2943923327830724,-0.17388811201685614,-5.455729487420692,3.630085237061283
10.000037795271329,-5.437338504016533,-0.37731201571423506,-4.724408915812717e-05,21.648071699793775,-8.402103086976787,1.7095482482022994,-0.19561572492710086,-5.632954228943634,3.561697807938632
10.00003023621706,-5.59543898724334,-0.38326356437441145,-3.779527132863336e-05,23.303723357823348,-7.283423176408632,0.987543444205059,-0.19893444860615858,-5.794373435849499,3.5057638124102244
10.00002418897365,-5.673164542717706,-0.19281157295308382,-3.023621706077506e-05,24.993032922231727,-6.213625972095217,0.37825237135187706,-0.09731017351502425,-5.77047471623273,3.4522739521945542
10.00001935117892,-5.799600177625961,-0.30980410440161565,-2.4188973650751677e-05,26.82685677495872,-5.41840673480376,-0.3491841243406064,-0.15870963097978033,-5.958309808605741,3.412512990329981
10.000015480943135,-5.834368275881512,-0.0867837646521396,-1.9351178920601342e-05,28.645940376766422,-4.587388600145526,-0.8567698626677149,-0.04347373701124536,-5.877842012892757,3.3709620835970693
10.000012384754507,-5.996330932022169,-0.392062677224209,-1.548094313541526e-05,30.607678077219898,-4.208139372663244,-1.626144302994959,-0.20386217433328258,-6.200193106355452,3.351999622222955
10.000009907803607,-5.884550196824664,0.27506614323181233,-1.2384754507266393e-05,32.395123989168724,-3.3129603778622174,-1.6617495248070817,0.14018444987525053,-5.744365746949414,3.307240672482904
10.000007926242883,-5.724201963214005,0.38838953569740653,-9.907803606878929e-06,33.98106553742397,-2.0975657962277037,-1.1128423926419906,0.20180201981470872,-5.5223999433992965,0.4539441402102513
10.000006340994306,-5.859607415598743,-0.33084470507851743,-7.926242883371515e-06,35.86276807100395,-1.4239399607570336,-0.9687968163895668,-0.17007542900885997,-6.029682844607604,0.4202628484367177
10.000005072795442,-6.012114273097278,-0.3704574135753994,-6.340994305631398e-06,37.82842666869785,-1.0643511763496012,-0.9402380102521875,-0.1918073990410944,-6.203921672138372,0.4022834092163461
10.000004058236355,-6.171278699827117,-0.38569207860606275,-5.07279544237349e-06,39.826237665307,-1.028937688421392,-1.0281419313037183,-0.20029193617670288,-6.3715706360038205,0.40051273481993555
10.000003246589083,-6.244828331420128,-0.18259918761195712,-4.058236354964606e-06,41.82581586601142,-1.0382896863024367,-1.0382896863024367,-0.09206701470192272,-6.33689534612205,0.0
10.000002597271267,-6.29344444622697,-0.12116879976115591,-3.2465890829058708e-06,43.824147430813525,-1.1155756655536482,-1.1155756655536482,-0.060807591485486506,-6.354252037712457,0.0
10.000002077817012,-6.135110060614427,0.3837986412910842,-2.5972712673905107e-06,45.76418518285707,-0.6372112177000772,-0.6372112177000772,0.19923338019265785,-5.935876680421769,0.0
10.00000166225361,-6.245944948923012,-0.2728096213529043,-2.0778170117807804e-06,47.76249992284454,-0.692899436165389,-0.692899436165389,-0.13899066444151095,-6.384935613364523,0.0
10.000001329802886,-6.135498736355822,0.2718817567836206,-1.6622536094246243e-06,49.71660692563241,-0.2711720888128192,-0.2711720888128192,0.13850011113345556,-5.996998625222366,0.0
10.00000106384231,-6.007173999859932,0.31425039228163854,-1.3298028864738853e-06,51.59313313906852,0.41713991288147606,0.41713991288147606,0.1611018648389052,-5.846072135021027,0.0
10.000000851073846,-5.901973397716062,0.2593310431845933,-1.0638423102449224e-06,53.39936580421536,1.2740215852546655,1.2740215852546655,0.13188271440166593,-5.770090683314396,0.0
10.000000680859076,-6.052952592055275,-0.36694676128549725,-8.510738460643097e-07,55.37784005812656,1.5548961941500172,1.5548961941500172,-0.18986261234248245,-6.242815204397758,0.0
10.00000054468726,-5.9336102594892735,0.2930451021390452,-6.808590757856336e-07,57.20325832461333,2.3695312670946644,2.3695312670946644,0.14973682374058053,-5.783873435748693,0.0
10.00000043574981,-5.8400196206132104,0.23137512341689392,-5.446872606285069e-07,58.95974031043442,3.3246107143202774,-1.6753892856797226,0.11725680505324025,-5.72276281555997,0.0
10.000000348599848,-5.939762744700233,-0.24621950531069808,-4.3574980956861964e-07,60.878405004100365,3.886553035795084,-1.113446964204916,-0.1250041994192268,-6.06476694411946,0.0
10.00000027887988,-6.089203801427689,-0.36340626546677807,-3.485998476548957e-07,62.86559749163411,4.097392561516994,-0.9026074384830061,-0.18790513403508038,-6.27710893546277,0.0
10.000000223103903,-6.227240387349579,-0.3369831327458117,-2.7887987918973067e-07,64.86353945880725,4.046545416857694,-0.9534545831423058,-0.1734135786087293,-6.400653965958308,0.0
10.000000178483122,-6.189997509460752,0.0929397239296958,-2.2310390335178454e-07,66.8502431468899,4.2758872266713555,-0.7241127733286445,0.0465704282609271,-6.143427081199825,0.0
10.000000142786497,-6.146698812330045,0.1079839521364725,-1.7848312161561353e-07,68.82399344105428,4.597996600842533,-0.40200339915746675,0.05414982969066152,-6.092548982639383,0.0
10.000000114229197,-6.304884769791523,-0.38345994649737225,-1.4278649729249082e-07,70.8088764388815,4.368147561473735,-0.6318524385262654,-0.19904415066255132,-6.503928920454075,0.0
10.00000009138336,-6.267641892281145,0.0929397239296958,-1.1422919676817855e-07,72.8073837603788,4.442696972037616,-0.5573030279623836,0.0465704282609271,-6.221071464020218,0.0
10.000000073106689,-6.230399014850178,0.0929397239296958,-9.138335954617105e-08,74.80172944831678,4.591607645403203,-0.40839235459679735,0.0465704282609271,-6.183828586589251,0.0
10.00000005848535,-6.187100318145319,0.1079839521364725,-7.310668870275094e-08,76.78687924748266,4.833733374840986,-0.1662666251590137,0.05414982969066152,-6.132950488454657,0.0
10.00000004678828,-6.160542229655985,0.06633437013277593,-5.848534989638665e-08,78.76777479172509,5.1091310932111,0.10913109321109982,0.033203711201021995,-6.127338518454963,0.0
10.000000037430624,-6.271727830259451,-0.2736466679678271,-4.678827991710932e-08,80.76396115766848,5.00152812084312,0.001528120843119929,-0.139433363905458,-6.411161194164909,0.0
10.0000000299445,-6.245169741822307,0.06633437013277593,-3.743062393368746e-08,82.76104594050005,5.108502019277914,0.10850201927791403,0.033203711201021995,-6.211966030621285,0.0
10.0000000239556,-6.2670543934541225,-0.05467755799690399,-2.994450021276407e-08,84.76099917019806,5.115224795295119,0.11522479529511909,-0.027359227523831277,-6.294413620977954,0.0
10.000000019164478,-6.229478494173392,0.09376775896925033,-2.3955600170211255e-08,86.75517569397338,5.266359408444973,0.2663594084449734,0.04698716174474964,-6.182491332428643,0.0
10.000000015331581,-6.261336574112381,-0.07954026037111156,-1.9164478004540797e-08,88.75508992752647,5.27286779287079,0.2728677928707901,-0.03983313274583739,-6.301169706858218,0.0
10.000000012265266,-6.276665592354938,-0.038310828439780564,-1.5331581337818534e-08,90.75506665184743,5.268021069440695,0.26802106944069504,-0.019162445493730283,-6.295828037848668,0.0
10.000000009812215,-6.291994610593108,-0.038310828439780564,-1.226526613606893e-08,92.75473411152942,5.23251843639605,0.23251843639604974,-0.019162445493730283,-6.311157056086839,0.0
10.000000007849774,-6.307323628827769,-0.038310828439780564,-9.812215040483352e-09,94.7536224364278,5.166368235961559,0.16636823596155903,-0.019162445493730283,-6.326486074321499,0.0
10.00000000627982,-6.3226526470596225,-0.038310828439780564,-7.849774164014889e-09,96.75126193945202,5.069586011743717,0.06958601174371726,-0.019162445493730283,-6.341815092553353,0.0
10.000000005023853,-6.331161312398406,-0.021269658538081104,-6.279819331211911e-09,98.74845463925833,4.963756556981868,-0.036243443018132204,-0.010636032199955585,-6.341797344598361,0.0
10.000000004019084,-6.235208877524418,0.23708125294009252,-5.0238533333413216e-09,100.73692065587754,5.171784537475269,0.18256914721248307,0.12022999338170363,-6.114978884142714,-0.20687138149901085
10.000000003215268,-6.3754545165466645,-0.3421246461104809,-4.019083732487161e-09,102.70494286219329,4.823842045923679,-0.02922008008762944,-0.176217638031887,-6.551672154578552,-0.19295368183694706
10.000000002572214,-6.452991657858942,-0.19235184216916565,-3.2152680518038323e-09,104.65838004442338,4.396873500065409,-0.16236844591506028,-0.09707381448474578,-6.550065472343688,-0.17587494000261628
10.000000002057773,-6.608247158070125,-0.37676039026824965,-2.572214441443066e-09,106.48547184910403,3.587800997989213,-0.5368501409515574,-0.19530870007823226,-6.803555858148358,-0.1435120399195684
10.00000000164622,-6.763606196758165,-0.3769974532171587,-2.0577726189685563e-09,108.16529646598815,2.5056538193749107,-1.0588947578641843,-0.19544063321116836,-6.959046829969333,-0.10022615277499636
10.000000001316973,-6.922979979591885,-0.38616957506713556,-1.6462191609889487e-09,109.64876178164792,1.1670687306049001,-1.7375108261144732,-0.2005590730320958,-7.123539052623981,-0.04668274922419591
10.000000001053579,-7.0829656753299135,-0.3875640988003608,-1.3169731971629517e-09,110.89945084996818,-0.3911990308798645,2.4344178502014806,-0.2013396717664316,-7.284305347096345,0.01955995154399326
10.000000000842862,-7.232221737958509,-0.3629800764685813,-1.0535785577303614e-09,111.91587399575289,-2.1117475974711737,1.4936648131312928,-0.18766975951368609,-7.419891497472196,0.1055873798735587
10.000000000674287,-7.1827830963468235,0.12320607118168803,-8.428617803701854e-10,113.20431073459245,-3.64119410471993,1.022948230329721,0.06183770469296514,-7.1209453916538585,0.18205970523599646
10.00000000053943,-7.0910777248497885,0.22681358099891413,-6.742872926679411e-10,114.66157102773896,-5.010099216734484,0.9680421235168843,0.11488426226599237,-6.9761934625837965,0.25050496083672424
10.000000000431543,-7.231057625541885,-0.3415067329204877,-5.394298341343529e-10,115.68972027430131,-6.7238980807559,0.552912310813241,-0.17588025029632998,-7.4069378758382145,0.33619490403779495
10.000000000345233,-7.268347983829024,-0.09305778727036501,-4.3154280149337865e-10,116.75857733514744,-8.414203549815355,0.3735267855918458,-0.04662984422770637,-7.314977828056731,0.4207101774907678
10.000000000276184,-7.305062878946288,-0.09162677250857049,-3.452331753805993e-10,117.76525169392974,-10.142268174780941,0.316964450591783,-0.045909744559247116,-7.350972623505535,0.507113408739047
10.000000000220949,-7.3182353931538335,-0.03292384912475499,-2.7618440867627214e-10,118.77296495165841,-11.86982789263771,0.45785696429435063,-0.016466386870146194,-7.3347017800239795,0.5934913946318856
10.00000000017676,-7.475282652447467,-0.3808591590327065,-2.2094859275512135e-10,119.3363094481395,-13.78694556729019,0.3099706661044692,-0.19759232364224552,-7.672874976089712,0.6893472783645094
10.000000000141407,-7.629982439930631,-0.37548758131921944,-1.7675994001820072e-10,119.60036344447767,-15.76764979291163,0.052108004672657415,-0.19460064614294614,-7.824583086073577,0.7883824896455813
10.000000000113126,-7.6431549541380095,-0.03292384912475499,-1.4140688620045694e-10,120.00385621944676,-17.72651226103199,0.13263544962597962,-0.016466386870146194,-7.6596213410081555,0.8863256130515995
10.000000000090498,-7.797854741620255,-0.37548758131921944,-1.1312550896036555e-10,119.93325242998617,-19.723492192639526,-0.06482984760148014,-0.19460064614294614,-7.992455387763201,0.9861746096319761
10.0000000000724,-7.949564155374462,-0.3686256528866428,-9.049827554008516e-11,119.56521112884998,-21.687602800236263,-0.3621414169507666,-0.1907921875776648,-8.140356342952128,1.0843801400118132
10.000000000057922,-8.102529727864665,-0.371510737999161,-7.240075206027541e-11,118.90076933157823,-23.572168724743282,-0.7646296962194619,-0.19239165262875785,-8.294921380493422,1.1786084362371643
10.000000000046336,-8.096206128356462,0.015808175731114593,-5.792166746232397e-11,118.42821005320248,-25.515535874874093,-0.7640944649861616,0.007904581701176146,-8.088301546655286,1.2757767937437046
10.000000000037069,-8.0509417098759,0.11286096991241013,-4.6336268155755533e-11,118.0888351114054,-27.486377728394686,-0.4231818933766256,0.056610755736537795,-7.994330954139363,1.3743188864197342
10.000000000029656,-8.204286759757885,-0.3723815604666979,-3.7069014524604427e-11,117.23598073083052,-29.293496051932664,-0.4181691197975823,-0.1928749384655365,-8.397161698223421,1.4646748025966332
10.000000000023725,-8.362707845626279,-0.383996591662226,-2.965627743378718e-11,116.10369812487137,-30.939857210133795,-0.531831902433602,-0.19934399277299628,-8.562051838399276,1.5469928605066898
10.000000000018982,-8.358889037299921,0.009546839538472629,-2.3725021947029745e-11,115.14014761801289,-32.692445610122604,-0.2434252599003912,0.004773528536644018,-8.354115508763277,1.6346222805061301
10.000000000015188,-8.512234087181648,-0.3723815604666979,-1.8982149185831076e-11,113.7796701421425,-34.1560501562239,-0.24466995335738773,-0.1928749384655365,-8.705109025647184,1.707802507811195
10.00000000001215,-8.665945058619187,-0.37322094775054754,-1.518785097687214e-11,112.21087744991887,-35.39374699743058,-0.35126022570810633,-0.19334100338440402,-8.85928606200359,1.7696873498715293
10.00000000000972,-8.66212625029283,0.009546839538472629,-1.2150280781497713e-11,110.76794643898693,-36.77864619113563,-0.06330923848691228,0.004773528536644018,-8.657352721756187,1.8389323095567813
10.000000000007775,-8.815837221730293,-0.37322094775054754,-9.72022462519817e-12,109.03191719286984,-37.76819479455507,-0.06800876891343322,-0.19334100338440402,-9.009178225114697,1.8884097397277535
10.000000000006219,-8.971572019889546,-0.37785757882770005,-7.775113886054896e-12,107.1625868111696,-38.47418529926736,-0.18590975343033733,-0.19591947088740083,-9.167491490776946,1.9237092649633682
10.000000000004977,-9.100128691624688,-0.3147957213282108,-6.219025294740277e-12,105.2254337649373,-38.96667234283886,-0.32667242705608146,-0.16139561444484216,-9.26152430606953,1.9483336171419432
10.00000000000398,-9.214749494086423,-0.281832361711971,-4.977351863999502e-12,103.24671760730597,-39.25091003981866,-0.47722579696262457,-0.14377078270045007,-9.358520276786873,1.9625455019909332
10.000000000003187,-9.323809847707764,-0.2685710210267588,-3.980815677095961e-12,101.24896116666386,-39.32470822601769,-0.6349734826788804,-0.13675127254638036,-9.460561120254145,1.9662354113008846
10.000000000002547,-9.249816727210028,0.1836850239271124,-3.1867841698840493e-12,99.29680408137644,-39.75767559684821,-0.24232440315179105,0.0926237829449381,-9.15719294426509,3.141592653589793
10.000000000002036,-9.091702282788358,0.3832967082464154,-2.547295707699959e-12,97.4777495985681,-40.58449992578774,0.584499925787739,0.19895296240137872,-8.89274932038698,3.141592653589793
10.00000000000163,-8.980926399567332,0.27266883011695564,-2.035704937952687e-12,95.73199810155891,-41.55852097803462,1.5585209780346219,0.13891621739138,-8.842010182175953,3.141592653589793
10.000000000001306,-9.119106869918536,-0.33731836334951193,-1.63069557856943e-12,93.78343013582418,-42.00285018928483,2.0028501892848283,-0.17359618026349033,-9.292703050182027,3.141592653589793
10.000000000001044,-8.959147362699854,0.387504435149416,-1.305622276959184e-12,92.09084086688134,-43.064719110990445,-1.9352808890095545,0.20130626134781462,-8.757841101352039,3.141592653589793
10.000000000000837,-9.046162421060446,-0.21543975573629556,-1.0444978215673473e-12,90.1977636877077,-43.70815972395753,-1.2918402760424712,-0.10898444060908194,-9.155146861669527,3.141592653589793
10.000000000000671,-9.049442146756336,-0.00819919940385172,-8.36664071357518e-13,88.33559600625065,-44.43776807026229,-0.5622319297377132,-0.004099668603898809,-9.053541815360235,3.141592653589793
10.000000000000538,-9.201965742799972,-0.37049605801938135,-6.714628852932947e-13,86.35487812670345,-44.70209412113269,-0.29790587886731146,-0.19182882806886462,-9.393794570868836,3.141592653589793
10.000000000000432,-9.127130009582153,0.18574720006502587,-5.382361223382759e-13,84.47072146461525,-45.37164214548653,0.3716421454865326,0.09368163529460626,-9.033448374287547,3.141592653589793
10.000000000000346,-9.240278285498242,-0.2783263205398547,-4.3165471197426086e-13,82.48557581091968,-45.60702425923765,0.6070242592376474,-0.14191118529669694,-9.38218947079494,3.141592653589793
10.000000000000277,-9.388414858409174,-0.3603992080964828,-3.4638958368304884e-13,80.48981204366518,-45.50490232218079,0.50490232218079,-0.18624557988383636,-9.57466043829301,3.141592653589793
10.000000000000224,-9.237022509123236,0.3678968388028965,-2.7711166694643907e-13,78.56780232866096,-46.051795339292205,1.0517953392922053,0.19038854811705702,-9.04663396100618,3.141592653589793
10.000000000000181,-9.326822464630173,-0.22219731374142498,-2.2382096176443156e-13,76.57045392685063,-46.14240744733907,1.1424074473390675,-0.11248701688433609,-9.439309481514508,3.141592653589793
10.000000000000144,-9.463489663456329,-0.3337904135162405,-1.8118839761882555e-13,74.58603738239208,-45.904584720945124,0.9045847209451239,-0.1716760484971281,-9.635165711953457,3.141592653589793
10.000000000000117,-9.57573802619523,-0.2761815656022027,-1.438849039914203e-13,72.63381137567825,-45.47437351450615,0.47437351450614784,-0.14077496299966147,-9.716512989194891,3.141592653589793
10.000000000000096,-9.541602339595052,0.08521017974601203,-1.1723955140041653e-13,70.64327934371157,-45.28088712459085,0.28088712459084775,0.042682566930646204,-9.498919772664406,3.141592653589793
10.000000000000075,-9.699680846045567,-0.38321466780053004,-9.592326932761353e-14,68.7792138219141,-44.56126168379804,-0.43873831620196313,-0.19890713617945543,-9.898587982225022,3.141592653589793
10.000000000000059,-9.541423948573833,0.38362187397373015,-7.460698725481052e-14,66.78159781539229,-44.51527649171055,-0.48472350828944855,0.19913461525000448,-9.342289333323828,3.141592653589793
10.000000000000048,-9.64385134317166,-0.2526751872443346,-5.861977570020827e-14,64.8597786431187,-43.96436504651247,-1.0356349534875307,-0.12838665506873956,-9.7722379982404,3.141592653589793
10.000000000000037,-9.592124192461249,0.12887086449163876,-4.796163466380676e-14,62.87874932338379,-43.690996990898476,-1.3090030091015237,0.06470407747668482,-9.527420114984563,3.141592653589793
10.000000000000032,-9.502421963466459,0.22196039123265154,-3.730349362740526e-14,60.87997417176482,-43.64085438476727,-1.3591456152327268,0.11236408264815366,-9.390057880818304,3.141592653589793
10.000000000000027,-9.371554120169447,0.3202230771822242,-3.197442310920451e-14,58.89818642384517,-43.90055661636294,-1.099443383637059,0.16432332026128427,-9.207230799908164,3.141592653589793
10.000000000000021,-9.334311243056128,0.0929397239296958,-2.6645352591003757e-14,56.91086607565998,-44.124491600475565,-0.8755083995244348,0.0465704282609271,-9.287740814795201,3.141592653589793
10.000000000000016,-9.3999158312177,-0.1631038497471683,-2.1316282072803006e-14,54.91136707712209,-44.09749791042959,-0.9025020895704117,-0.08209792842241141,-9.482013759640111,3.141592653589793
10.00000000000001,-9.36267295410438,0.0929397239296958,-1.5987211554602254e-14,52.91849563446267,-44.26498658602577,-0.7350134139742295,0.0465704282609271,-9.316102525843453,3.141592653589793
10.00000000000001,-9.32543007699106,0.0929397239296958,-1.0658141036401503e-14,50.93324243845581,-44.50656222876512,-0.49343777123488053,0.0465704282609271,-9.278859648730133,3.141592653589793
10.00000000000001,-9.437566406899348,-0.27591444846427315,-1.0658141036401503e-14,48.94035579864562,-44.34946879311457,-0.6505312068854323,-0.14063352418916947,-9.578199931088518,3.141592653589793
10.00000000000001,-9.400323529786029,0.0929397239296958,-1.0658141036401503e-14,46.942592147093045,-44.44182373860065,-0.5581762613993533,0.0465704282609271,-9.353753101525102,3.141592653589793
10.00000000000001,-9.4659281179476,-0.1631038497471683,-1.0658141036401503e-14,44.94922871852435,-44.28299318076876,-0.7170068192312371,-0.08209792842241141,-9.548026046370012,3.141592653589793
10.00000000000001,-9.42868524083428,0.0929397239296958,-1.0658141036401503e-14,42.94964950719191,-44.31865858455903,-0.6813414154409685,0.0465704282609271,-9.382114812573354,3.141592653589793
10.00000000000001,-9.47772670808188,-0.12222242847187803,-1.0658141036401503e-14,40.956481070470694,-44.15566466301096,-0.8443353369890403,-0.061340293644777284,-9.539067001726657,3.141592653589793
10.00000000000001,-9.52676817532948,-0.12222242847187803,-1.0658141036401503e-14,38.97369926105487,-43.89515798007751,-1.0828122869844705,-0.061340293644777284,-9.588108468974257,4.897398972792893
10.00000000000001,-9.57580964257708,-0.12222242847187803,-1.0658141036401503e-14,37.00607184340729,-43.537764945835335,-1.2725900180354017,-0.061340293644777284,-9.637149936221856,4.883103251423206
10.00000000000001,-9.612878405654948,-0.09250677039830052,-1.0658141036401503e-14,35.05000143642201,-43.12137397603468,-1.354695596819269,-0.046352550595498344,-9.659230956250447,4.86644761263118
10.00000000000001,-9.734388184228509,-0.2981772996413856,-1.0658141036401503e-14,33.19449031604664,-42.37793226889896,-1.610112982534261,-0.15247737002161751,-9.886865554250127,4.836709944345752
10.00000000000001,-9.73243257368992,0.0048890020008430235,-1.0658141036401503e-14,31.28770805682729,-41.774458754345744,-1.5472584769333189,0.002444515607832655,-9.729988058082087,4.8125710037636225
10.00000000000001,-9.80617550817222,-0.18307254108902943,-1.0658141036401503e-14,29.465622852865998,-40.95081168940878,-1.5498483518096045,-0.09230970869781775,-9.898485216870037,4.779625121166144
10.00000000000001,-9.849404735823475,-0.10781153846332237,-1.0658141036401503e-14,27.664740360350038,-40.08117465684237,-1.4328150604238346,-0.05406286648171353,-9.903467602305188,4.744839639863488
10.00000000000001,-10.0085178350066,-0.38557520900654624,-1.0658141036401503e-14,26.108406531692943,-38.828046985631346,-1.601886349924424,-0.20022656449037096,-10.208744399496972,4.694714533015047
10.00000000000001,-10.0822607694889,-0.18307254108902943,-1.0658141036401503e-14,24.57984281012038,-37.538906990453874,-1.6463170745942541,-0.09230970869781775,-10.174570478186718,4.643148933207948
10.00000000000001,-10.156003703971201,-0.18307254108902943,-1.0658141036401503e-14,23.15041221453577,-36.140651952744165,-1.6669921784676625,-0.09230970869781775,-10.248313412669019,4.58721873169956
10.00000000000001,-10.229746638453502,-0.18307254108902943,-1.0658141036401503e-14,21.827884495695542,-34.6408821667526,-1.663736106169079,-0.09230970869781775,-10.32205634715132,4.5272279402598965
10.00000000000001,-10.303489572935803,-0.18307254108902943,-1.0658141036401503e-14,20.61944832773022,-33.04774971587878,-1.6365765400330545,-0.09230970869781775,-10.39579928163362,4.463502642224944
10.00000000000001,-10.377232507418103,-0.18307254108902943,-1.0658141036401503e-14,19.531672233700053,-31.369914161561724,-1.585743881345124,-0.09230970869781775,-10.46954221611592,4.396389220052262
10.00000000000001,-10.52824348278818,-0.36701988378277134,-1.0658141036401503e-14,18.793981835204495,-29.512749569825093,-1.758063531972116,-0.18990308099125888,-10.71814656377944,4.322102636382796
10.00000000000001,-10.57728495003578,-0.12222242847187803,-1.0658141036401503e-14,18.034332452408304,-27.66282517925648,-1.7360914603936344,-0.061340293644777284,-10.638625243680558,4.248105660760052
10.00000000000001,-10.651027884518081,-0.18307254108902943,-1.0658141036401503e-14,17.440739826481437,-25.753365367550774,-1.7186462457821534,-0.09230970869781775,-10.743337593215898,4.171727268291824
10.00000000000001,-10.724770819000382,-0.18307254108902943,-1.0658141036401503e-14,16.98944203764508,-23.805361444591338,-1.6769094358642604,-0.09230970869781775,-10.817080527698199,4.093807111373446
10.00000000000001,-10.875781794370459,-0.36701988378277134,-1.0658141036401503e-14,16.92837637128534,-21.807983556152383,-1.85764442835643,-0.18990308099125888,-11.065684875361718,4.013911995835889
10.00000000000001,-10.924823261618059,-0.12222242847187803,-1.0658141036401503e-14,16.844198661997996,-19.809934120111716,-1.8434186321963075,-0.061340293644777284,-10.986163555262836,3.9339900183942618
10.00000000000001,-10.99856619610036,-0.18307254108902943,-1.0658141036401503e-14,16.936426667274326,-17.812464978143137,-1.8329172240900142,-0.09230970869781775,-11.090875904798176,3.8540912527155182
10.00000000000001,-11.07230913058266,-0.18307254108902943,-1.0658141036401503e-14,17.175569786937487,-15.82721951563939,-1.7972693089450864,-0.09230970869781775,-11.164618839280477,3.7746814342153687
10.00000000000001,-11.223320105952737,-0.36701988378277134,-1.0658141036401503e-14,17.798430599832397,-13.928458906033029,-1.9831953762867407,-0.18990308099125888,-11.413223186943997,3.698731009831114
10.00000000000001,-11.383231563462031,-0.38739496206370827,-1.0658141036401503e-14,18.72517876561836,-12.158270660406274,-2.3259898211555665,-0.20124496171592648,-11.584476525177958,3.627923480006044
10.00000000000001,-11.540713311752283,-0.38185190694464183,-1.0658141036401503e-14,19.915742347839604,-10.553522979105484,2.1948943125361957,-0.19814624316460377,-11.738859554916887,3.6692688025450675
10.00000000000001,-11.640377115192518,-0.2460285535396475,-1.0658141036401503e-14,21.208688818429493,-9.028614076115302,1.7597032381747333,-0.12490427460475016,-11.765281389797268,3.593023357395558
10.00000000000001,-11.78383221922269,-0.34957478464436925,-1.0658141036401503e-14,22.739932087423238,-7.744402276728302,1.16859985689711,-0.18029406536721312,-11.964126284589904,3.528812767426208
10.00000000000001,-11.865304261160391,-0.20195350017390457,-1.0658141036401503e-14,24.32762843733652,-6.528978918786771,0.6661955707545282,-0.1020169163754641,-11.967321177535855,3.4680415995291316
10.00000000000001,-11.974024531524915,-0.26775801308171454,-1.0658141036401503e-14,26.0539970934915,-5.520936180725736,0.10309145755847382,-0.13632217500427118,-12.110346706529185,3.41763946262608
10.00000000000001,-12.00975701604866,-0.08918325458909826,-1.0658141036401503e-14,27.773682896495647,-4.5000040389278935,-0.25835101343622213,-0.04468047043895397,-12.054437486487613,3.3665928555361875
10.00000000000001,-12.167028793743574,-0.3813722102547778,-1.0658141036401503e-14,29.6788412242243,-3.8974693384923706,-0.8736356779558072,-0.19787854904746519,-12.364907342791039,3.3364661205144115
10.00000000000001,-12.190305680125755,-0.058151227717762266,-1.0658141036401503e-14,31.548842436058813,-3.1882902829371957,-1.1836335127808404,-0.02910021492333091,-12.219405895049086,3.3010071677366533
10.00000000000001,-12.19226509196758,-0.004898505116685936,-1.0658141036401503e-14,33.41134609000698,-2.4595386095524776,-1.2629205548077316,-0.002449267251100658,-12.194714359218679,3.2645695840674174
10.00000000000001,-12.16282382151172,0.07352031736489328,-1.0658141036401503e-14,35.236870217412054,-1.6427125324398482,-1.0348369769090233,0.03680990021744181,-12.126013921294279,0.43120147702085854
10.00000000000001,-12.31463268243203,-0.3688541958006582,-1.0658141036401503e-14,37.20899109562316,-1.32035374491708,-1.112996137043222,-0.19091879544353266,-12.505551477875564,0.41508353764471995
10.00000000000001,-12.4721155680971,-0.3818545050871506,-1.0658141036401503e-14,39.20715321677565,-1.3181638713547756,-1.3013474507058902,-0.19814769325703321,-12.670263261354133,0.41497404396660476
10.00000000000001,-12.451363803819191,0.051850357626946175,-1.0658141036401503e-14,41.19098511896959,-1.0646221793299475,-1.0646221793299475,0.025942615229521068,-12.42542118858967,0.0
10.00000000000001,-12.350690842557643,0.2484572316181236,-1.0658141036401503e-14,43.11525402904912,-0.5222320700216707,-0.5222320700216707,0.12617572805319222,-12.22451511450445,0.0
10.00000000000001,-12.45321966779516,-0.25291887428630655,-1.0658141036401503e-14,45.111669341954865,-0.4163448956304611,-0.4163448956304611,-0.12851449658286768,-12.581734164378028,0.0
10.00000000000001,-12.559722226159755,-0.26245096761054015,-1.0658141036401503e-14,47.10770938493584,-0.5279888719362933,-0.5279888719362933,-0.13352460880887276,-12.693246834968628,0.0
10.00000000000001,-12.449276030727594,0.2718817567836206,-1.0658141036401503e-14,49.073801220765276,-0.1662295761789618,-0.1662295761789618,0.13850011113345556,-12.310775919594139,0.0
10.00000000000001,-12.379212590508772,0.17405499701498028,-1.0658141036401503e-14,51.021624214048245,0.2860217925496369,0.2860217925496369,0.0876916459674742,-12.291520944541297,0.0
10.00000000000001,-12.350480836863193,0.07175236331108198,-1.0658141036401503e-14,52.96767883870537,0.7471365362058748,0.7471365362058748,0.035922417393244095,-12.314558419469948,0.0
10.00000000000001,-12.491719032970876,-0.3444311880843552,-1.0658141036401503e-14,54.966126393538836,0.7298143317840862,0.7298143317840862,-0.1774779921047114,-12.669197025075587,0.0
10.00000000000001,-12.350917263189045,0.3434172805253214,-1.0658141036401503e-14,56.876274994179134,1.3175740125997506,1.3175740125997506,0.17692378077413726,-12.173993482414907,0.0
10.00000000000001,-12.411941905947444,-0.15182987742096826,-1.0658141036401503e-14,58.861914476893936,1.5544970999753633,1.5544970999753633,-0.0763549744521443,-12.488296880399588,0.0
10.00000000000001,-12.522391875636613,-0.27189076835898895,-1.0658141036401503e-14,60.8605746378596,1.5127333706127077,1.5127333706127077,-0.13850487457008312,-12.660896750206696,0.0
10.00000000000001,-12.641755611959255,-0.2930958478413789,-1.0658141036401503e-14,62.8383764330958,1.2227675312544775,1.2227675312544775,-0.1497638908415983,-12.791519502800853,0.0
10.00000000000001,-12.761119348281897,-0.2930958478413789,-1.0658141036401503e-14,64.76757610850657,0.6993472969978249,0.6993472969978249,-0.1497638908415983,-12.910883239123494,0.0
10.00000000000001,-12.866310733632387,-0.2593089706766133,-1.0658141036401503e-14,66.63741436247517,-0.008061584508110703,-0.008061584508110703,-0.13187110566634855,-12.998181839298736,0.0
10.00000000000001,-12.71643616862245,0.36440470120420554,-1.0658141036401503e-14,68.63196982339046,-0.13093201732936574,-0.13093201732936574,0.18845676386070015,-12.52797940476175,0.0
10.00000000000001,-12.571565414783054,0.352853406423555,-1.0658141036401503e-14,70.62397302599281,0.029406175650069026,0.029406175650069026,0.18209307896611882,-12.389472335816935,0.0
10.00000000000001,-12.501066382247924,0.17512346556669856,-1.0658141036401503e-14,72.61226626983957,0.24205037030422155,0.24205037030422155,0.08823824977056471,-12.412828132477358,0.0
10.00000000000001,-12.394161046694911,0.26341551046190725,-1.0658141036401503e-14,74.55648478412705,0.7074847341432694,0.7074847341432694,0.13403261938509617,-12.260128427309816,0.0
10.00000000000001,-12.252498173554766,0.3454173821232954,-1.0658141036401503e-14,76.39921805214821,1.4810422518236792,1.4810422518236792,0.178017336072466,-12.0744808374823,0.0
10.00000000000001,-12.219216575194112,0.08308438422666736,-1.0658141036401503e-14,78.26625846079075,2.1978629585692664,2.1978629585692664,0.04161400758480049,-12.177602567609311,0.0
10.00000000000001,-12.262265187839045,-0.10736325355045634,-1.0658141036401503e-14,80.18880689533415,2.748552030392418,-2.251447969607582,-0.05383676876506595,-12.316101956604111,0.0
10.00000000000001,-12.143012237129193,0.29283327160116734,-1.0658141036401503e-14,81.949258517979,3.695440640551699,-1.3045593594483011,0.14962384263554263,-11.993388394493651,0.0
10.00000000000001,-12.278715555304956,-0.33154060935715246,-1.0658141036401503e-14,83.90495165205301,4.1075216323293455,-0.8924783676706545,-0.17045335121728036,-12.449168906522237,0.0
10.00000000000001,-12.40945617579848,-0.3199246184873644,-1.0658141036401503e-14,85.89730708958119,4.267075979125409,-0.7329240208745906,-0.16416212243005318,-12.573618298228533,0.0
10.00000000000001,-12.468192351495551,-0.146187460905958,-1.0658141036401503e-14,87.89297671010569,4.394671667607486,-0.6053283323925136,-0.07348634244343412,-12.541678693938985,0.0
10.00000000000001,-12.424893655086132,0.1079839521364725,-1.0658141036401503e-14,89.86509492474964,4.726626915920878,-0.27337308407912175,0.05414982969066152,-12.37074382539547,0.0
10.00000000000001,-12.462345062616945,-0.09345822891036665,-1.0658141036401503e-14,91.85824461809106,4.890757134317343,-0.10924286568265718,-0.04683137579174483,-12.50917643840869,0.0
10.00000000000001,-12.435786974272581,0.06633437013277593,-1.0658141036401503e-14,93.83689091175992,5.181875428776953,0.18187542877695329,0.033203711201021995,-12.40258326307156,0.0
10.00000000000001,-12.53048125216253,-0.2340427135727314,-1.0658141036401503e-14,95.83584166021535,5.142636720701939,0.14263672070193856,-0.11864601237787573,-12.649127264540407,0.0
10.00000000000001,-12.62517553005248,-0.2340427135727314,-1.0658141036401503e-14,97.82212667128525,4.91456737650829,-0.08543262349170977,-0.11864601237787573,-12.743821542430357,0.0
10.00000000000001,-12.565439296891098,0.14865391738091316,-1.0658141036401503e-14,99.82057765154002,4.986236584768104,-0.013763415231895948,0.07473985539770653,-12.490699441493392,0.0
10.00000000000001,-12.690051463211455,-0.30550640218506775,-1.0658141036401503e-14,101.7807629892357,4.594989245794386,-0.3406282962324205,-0.15640206946993854,-12.846453532681394,-0.18379956983177537
