Speed,Heading,Steering,Accelerate,X,Y,Lateral,Beta,Yaw,Rel_Yaw,Lane_heading
5.099998521804809,0.08166200416679942,0.39269908169872414,0.49999260902404785,81.82788752808068,8.230851740389022,0.0897513219909225,0.20421957092811893,0.28588157509491835,5.099998521804809,6.934183033838785
5.1196776926517495,0.16451203493601163,0.39269908169872414,0.09839585423469543,82.79917437970214,8.545732291938995,0.20866309802361904,0.20421957092811893,0.36873160586413056,5.1196776926517495,6.9604230798012825
5.219677436351776,0.2477136481332022,0.3909250419057031,0.49999871850013733,83.74998824604961,8.942661561740058,0.32407840109693886,0.2032236297413712,0.4509372778745734,5.219677436351776,6.993500518951372
5.319517588615416,0.33236878054538377,0.3902310803822773,0.4992007613182068,84.68220961673079,9.426524884012698,0.4362003250052382,0.20283432687674546,0.5352031074221293,5.319517588615416,7.033822462474092
5.324141660332679,0.357142347384179,0.11606754590202817,0.02312035858631134,85.66286454357387,9.839817970381697,0.3682617931005332,0.058229885882861876,0.41537223326704087,5.324141660332679,7.068263553004842
5.347768777608872,0.3524821742049818,-0.02184778035631818,0.11813558638095856,86.66655107700349,10.200134336353663,0.18866782130353243,-0.010925193896581708,0.3415569803084001,5.347768777608872,0.25517418779951817
5.3541603654623025,0.3504859563181621,-0.00932812743394984,0.03195793926715851,87.6727014298062,10.564164600906492,0.039675601376103486,-0.004664165178847144,0.34582179113931494,5.3541603654623025,0.24559444399549624
5.360551953315733,0.3484873535262692,-0.00932812743394984,0.03195793926715851,88.68077967442373,10.926617355450912,-0.08195300874324829,-0.004664165178847144,0.34382318834742204,5.360551953315733,0.23605621361274842
5.366943541169164,0.3464863658293031,-0.00932812743394984,0.03195793926715851,89.69078437866858,11.2874839412271,-0.17585257636253715,-0.004664165178847144,0.34182220065045593,5.366943541169164,0.22655972451337503
5.36697261035442,0.3550822834147185,0.040027592064162176,0.00014534592628479004,90.6917760785453,11.67501044345422,-0.21142199941600381,0.020021815810737382,0.37510409922545584,5.36697261035442,0.216361658665293
5.367001679539676,0.3636782475584529,0.040027592064162176,0.00014534592628479004,91.68940508954014,12.071129125802956,-0.2072928661549014,0.020021815810737382,0.38370006336919027,5.367001679539676,0.20593748281401036
5.409052211046213,0.34302957799797507,-0.09574976719641998,0.21025265753269196,92.7146836481563,12.39820986091416,-0.24697117927162537,-0.047984864969155445,0.2950447130288196,5.409052211046213,0.19733009504792598
5.4511027425527505,0.32221954725166424,-0.09574976719641998,0.21025265753269196,93.75457647679018,12.706385760972143,-0.2783965639807633,-0.047984864969155445,0.2742346822825088,5.4511027425527505,0.18922020294113695
5.493153274059288,0.3012481553195204,-0.09574976719641998,0.21025265753269196,94.80878341501946,12.995020815628987,-0.3013338234769378,-0.047984864969155445,0.253263290350365,5.493153274059288,0.18162454360806213
5.535203805565825,0.28011540220154363,-0.09574976719641998,0.21025265753269196,95.87698157228627,13.263478587592251,-0.31555451306572024,-0.047984864969155445,0.2321305372323882,5.535203805565825,0.17455986539850255
5.563008949160568,0.2550620329810455,-0.11266699867844393,0.1390257179737091,96.96026059840317,13.50032526778591,-0.33169303697827957,-0.0565128402716473,0.19854919270939822,5.563008949160568,0.16832705802498538
5.590814092755311,0.22988302285096338,-0.11266699867844393,0.1390257179737091,98.0546020432826,13.710966097172596,-0.34299315899850313,-0.0565128402716473,0.17337018257931608,5.590814092755311,0.16278387830428298
5.618619236350054,0.20457837181129726,-0.11266699867844393,0.1390257179737091,99.15939261303238,13.894855589226871,-0.34936950126675015,-0.0565128402716473,0.14806553153964996,5.618619236350054,0.15794468114496008
5.646424379944797,0.17914807986204717,-0.11266699867844393,0.1390257179737091,100.2739953239309,14.051460087752503,-0.3507411641982614,-0.0565128402716473,0.12263523959039987,5.646424379944797,0.1538235101311276
5.67422952353954,0.1535921470032131,-0.11266699867844393,0.1390257179737091,101.3977495450407,14.180258685425601,-0.3470319965786004,-0.0565128402716473,0.09707930673156581,5.67422952353954,0.1504340733502565
5.702034667134283,0.1279105732347951,-0.11266699867844393,0.1390257179737091,102.52997107228397,14.280744155711451,-0.3381708595985131,-0.0565128402716473,0.0713977329631478,5.702034667134283,0.14778971886905
5.729839810729026,0.10210335855679313,-0.11266699867844393,0.1390257179737091,103.66995223501105,14.352423897286513,-0.3240918835643143,-0.0565128402716473,0.045590518285145834,5.729839810729026,0.14590340988023254
5.757644954323769,0.07617050296920719,-0.11266699867844393,0.1390257179737091,104.81696203608156,14.39482089004241,-0.30473471603346525,-0.0565128402716473,0.01965766269755989,5.757644954323769,0.14478769954455117
5.785450097918512,0.05011200647203727,-0.11266699867844393,0.1390257179737091,105.97024632646323,14.407474661693321,-0.2800447601503677,-0.0565128402716473,-0.006400833799610026,5.785450097918512,0.14445470555373774
5.8132552415132555,0.023927869065283387,-0.11266699867844393,0.1390257179737091,107.12902801533718,14.3899422639522,-0.24997340199425366,-0.0565128402716473,-0.03258497120636391,5.8132552415132555,0.14491608444166193
5.8410603851079985,-0.0023819092510544617,-0.11266699867844393,0.1390257179737091,108.29250731667932,14.341799257184709,-0.21447822579953169,-0.0565128402716473,-0.05889474952270176,5.8410603851079985,0.1461830056723854
5.911500844359401,-0.06051395338810893,-0.24473023129931484,0.35220229625701904,109.45279480005514,14.171201995649577,-0.26515720808988164,-0.12422505154862018,-0.18473900493672912,5.911500844359401,0.15067240729173093
5.939305987954144,-0.08726766636215338,-0.11266699867844393,0.1390257179737091,110.62753839609272,14.022462002673421,-0.25565792942604304,-0.0565128402716473,-0.14378050663380068,5.939305987954144,0.1545866176332087
5.967111131548887,-0.1141470202457818,-0.11266699867844393,0.1390257179737091,111.80337103048655,13.841455192789098,-0.24058327759254894,-0.0565128402716473,-0.1706598605174291,5.967111131548887,0.1593499547354278
5.9949162751436305,-0.1411520150389942,-0.11266699867844393,0.1390257179737091,112.9793763373223,13.627869272726738,-0.21987326971738952,-0.0565128402716473,-0.19766485531064149,5.9949162751436305,0.16497063684233204
6.0227214187383735,-0.16828265074179055,-0.11266699867844393,0.1390257179737091,114.15461760107952,13.38141682986571,-0.1934745835014553,-0.0565128402716473,-0.22479549101343785,6.0227214187383735,0.17145622744393796
6.093161877989776,-0.2282154032474225,-0.24473023129931484,0.35220229625701904,115.30514495157134,13.009716089910246,-0.2562389923475834,-0.12422505154862018,-0.3524404547960427,6.093161877989776,0.18123782586381854
6.120967021584519,-0.2557899736079255,-0.11266699867844393,0.1390257179737091,116.47325840944139,12.656143772140043,-0.25771690142973114,-0.0565128402716473,-0.3123028138795728,6.120967021584519,0.19054236054198181
6.148772165179262,-0.2834901848780124,-0.11266699867844393,0.1390257179737091,117.636438867241,12.268693955795257,-0.2533236301983166,-0.0565128402716473,-0.34000302514965974,6.148772165179262,0.2007384083405288
6.1765773087740055,-0.3113160370576833,-0.11266699867844393,0.1390257179737091,118.79364926494394,11.847225374180624,-0.24298460487462847,-0.0565128402716473,-0.36782887732933056,6.1765773087740055,0.21182968680407166
6.2043824523687485,-0.33926753014693817,-0.11266699867844393,0.1390257179737091,119.94383623753939,11.39162800920456,-0.2266324585241435,-0.0565128402716473,-0.3957803704185855,6.2043824523687485,0.2238190911455471
6.232187595963492,-0.367344664145777,-0.11266699867844393,0.1390257179737091,121.08593094221087,10.901824062563158,-0.2042073309197363,-0.0565128402716473,-0.4238575044174243,6.232187595963492,0.23670866868874185
6.259992739558235,-0.3955474390541998,-0.11266699867844393,0.1390257179737091,122.21884993262562,10.37776891293453,-0.1756571510449021,-0.0565128402716473,-0.45206027932584714,6.259992739558235,0.2504995936789689
6.330433198809637,-0.45783213487142327,-0.24473023129931484,0.35220229625701904,123.29622839341519,9.731174112986704,-0.2400948530527245,-0.12422505154862018,-0.5820571864200434,6.330433198809637,0.267515246309175
6.3582383424043805,-0.4864788444375527,-0.11266699867844393,0.1390257179737091,124.39407646788202,9.096899197275523,-0.24169919553467878,-0.0565128402716473,-0.5429916847092,6.3582383424043805,0.2842066914594692
6.3860434859991235,-0.5152511949132661,-0.11266699867844393,0.1390257179737091,125.47801179064288,8.42847524078458,-0.2369875671605186,-0.0565128402716473,-0.5717640351849134,6.3860434859991235,0.30179679557765193
6.413848629593867,-0.5441491862985635,-0.11266699867844393,0.1390257179737091,126.54688661623243,7.726046518186091,-0.22588339350047448,-0.0565128402716473,-0.6006620265702107,6.413848629593867,0.32028176196182256
6.44165377318861,-0.5731728185934448,-0.11266699867844393,0.1390257179737091,127.59954510281523,6.989796170512643,-0.2083184959258233,-0.0565128402716473,-0.6296856588650921,6.44165377318861,0.3396567711111238
6.469458916783353,-0.6023220917979102,-0.11266699867844393,0.1390257179737091,128.63482453818455,6.219947002050428,-0.18423342103671558,-0.0565128402716473,-0.6588349320695575,6.469458916783353,0.35991595975486645
6.5398993760347555,-0.6666831134552181,-0.24473023129931484,0.35220229625701904,129.58660906857213,5.336815633084266,-0.25654288364600575,-0.12422505154862018,-0.7909081650038383,6.5398993760347555,0.3831562589381865
6.5677045196294985,-0.69627632131739,-0.11266699867844393,0.1390257179737091,130.55995422933907,4.460372826080698,-0.26474381100735656,-0.0565128402716473,-0.7527891615890373,6.5677045196294985,0.40622054333301727
6.595509663224242,-0.7259951700891459,-0.11266699867844393,0.1390257179737091,131.51092244878743,3.551632318291501,-0.26620656172589463,-0.0565128402716473,-0.7825080103607932,6.595509663224242,0.43013476722220645
6.623314806818985,-0.7558396597704858,-0.11266699867844393,0.1390257179737091,132.43833277980042,2.6110373801752678,-0.26084309563990615,-0.0565128402716473,-0.8123525000421331,6.623314806818985,0.4548872655936864
6.651119950413728,-0.7858097903614097,-0.11266699867844393,0.1390257179737091,133.34100611968663,1.6390752813589868,-0.24857481146697324,-0.0565128402716473,-0.842322630633057,6.651119950413728,0.48046521556253596
6.678925094008471,-0.8159055618619175,-0.11266699867844393,0.1390257179737091,134.21776677504582,0.6362778047483911,-0.2293329359003522,-0.0565128402716473,-0.8724184021335648,6.678925094008471,0.5068546228417623
6.706730237603214,-0.8461269742720093,-0.11266699867844393,0.1390257179737091,135.0674440692206,-0.39677828891424577,-0.20305888563387953,-0.0565128402716473,-0.9026398145436566,6.706730237603214,0.5340403095170947
6.734535381197957,-0.8764740275916851,-0.11266699867844393,0.1390257179737091,135.8888739911618,-1.4594708485145043,-0.16970459990088926,-0.0565128402716473,-0.9329868678633324,6.734535381197957,0.5620059031907858
6.80497584044936,-0.9434626100320916,-0.24473023129931484,0.35220229625701904,136.59264923972967,-2.61312863782831,-0.2370269610610407,-0.12422505154862018,-1.0676876615807118,6.80497584044936,0.5923653186990436
6.832780984044103,-0.9742535980094741,-0.11266699867844393,0.1390257179737091,137.31719362661107,-3.767365245006932,-0.2385802124465357,-0.0565128402716473,-1.0307664382811215,6.832780984044103,0.622739966256376
6.860586127638846,-1.0051702268964404,-0.11266699867844393,0.1390257179737091,138.00862052000363,-4.948187853770934,-0.23284445865580494,-0.0565128402716473,-1.0616830671680877,6.860586127638846,0.653814245434376
6.888391271233589,-1.0362124966929906,-0.11266699867844393,0.1390257179737091,138.66582522028776,-6.1547297951831,-0.21973956999310218,-0.0565128402716473,-1.092725336964638,6.888391271233589,0.6855653491557487
6.916196414828332,-1.067380407399125,-0.11266699867844393,0.1390257179737091,139.28772089436094,-7.3860775774242295,-0.19919668841207994,-0.0565128402716473,-1.1238932476707724,6.916196414828332,0.7179692381620941
6.944001558423075,-1.098673959014843,-0.11266699867844393,0.1390257179737091,139.87324048673543,-8.641270923647168,-0.17115861965113055,-0.0565128402716473,-1.1551867992864904,6.944001558423075,0.7510006420100663
7.014442017674478,-1.1677388672953342,-0.24473023129931484,0.35220229625701904,140.31795373926914,-9.961641505341094,-0.2472562101614315,-0.12422505154862018,-1.2919639188439542,7.014442017674478,0.7857472362651694
7.042247161269221,-1.199476353568759,-0.11266699867844393,0.1390257179737091,140.7810529916572,-11.287798494070772,-0.256434479360216,-0.0565128402716473,-1.2559891938404062,7.042247161269221,0.8206461043896347
7.070052304863964,-1.2313394807517677,-0.11266699867844393,0.1390257179737091,141.20344651376297,-12.63330553345778,-0.2578761816791939,-0.0565128402716473,-1.287852321023415,7.070052304863964,0.8560541843735034
7.097857448458707,-1.2633282488443607,-0.11266699867844393,0.1390257179737091,141.58419929485652,-13.99695755163436,-0.2514869585320909,-0.0565128402716473,-1.319841089116008,7.097857448458707,0.8919397637992028
7.12566259205345,-1.2954426578465372,-0.11266699867844393,0.1390257179737091,141.92240865662998,-15.377504466085012,-0.23718500307361978,-0.0565128402716473,-1.3519554981181845,7.12566259205345,0.9282699457584305
7.153467735648193,-1.327682707758298,-0.11266699867844393,0.1390257179737091,142.21720631060066,-16.773651796690807,-0.21490152935087536,-0.0565128402716473,-1.3841955480299453,7.153467735648193,0.9650106649848991
7.181272879242936,-1.3600483985796428,-0.11266699867844393,0.1390257179737091,142.4677604223579,-18.18406136639335,-0.18458119800814643,-0.0565128402716473,-1.41656123885129,7.181272879242936,1.0021267062928607
7.251713338494339,-1.431465250171725,-0.24473023129931484,0.35220229625701904,142.55805677477034,-19.621908171487522,-0.2622736747980241,-0.12422505154862018,-1.5556903017203454,7.251713338494339,1.039964780111128
7.279518482089082,-1.4642748756507766,-0.11266699867844393,0.1390257179737091,142.66234909391804,-21.07029672240704,-0.2717066914197943,-0.0565128402716473,-1.520787715922424,7.279518482089082,1.078080268293221
7.307323625683825,-1.4972101420394117,-0.11266699867844393,0.1390257179737091,142.7192289209616,-22.526885448062924,-0.2728488154442985,-0.0565128402716473,-1.553722982311059,7.307323625683825,1.116411550547323
7.335128769278568,-1.530271049337631,-0.11266699867844393,0.1390257179737091,142.7280860450647,-23.99011788012326,-0.265602703736306,-0.0565128402716473,-1.5867838896092783,7.335128769278568,-0.9394774352127054
7.362933912873311,-1.5634575975454343,-0.11266699867844393,0.1390257179737091,142.6883597023521,-25.458400143545223,-0.24988545403426343,-0.0565128402716473,-1.6199704378170816,7.362933912873311,-0.9008384282805486
7.390739056468054,-1.5967697866628214,-0.11266699867844393,0.1390257179737091,142.59954058997667,-26.930102342019246,-0.22562911720650902,-0.0565128402716473,-1.6532826269344687,7.390739056468054,-0.862109423057548
7.418544200062797,-1.6302076166897927,-0.11266699867844393,0.1390257179737091,142.4611728553108,-28.403560042005644,-0.1927811549456777,-0.0565128402716473,-1.68672045696144,7.418544200062797,-0.823334220426327
7.4889846593142,-1.7039764115934666,-0.24473023129931484,0.35220229625701904,142.153545053026,-29.85952162838963,-0.2718509067759385,-0.12422505154862018,-1.8282014631420869,7.4889846593142,-0.7850194418372748
7.516789802908943,-1.7378581762781444,-0.11266699867844393,0.1390257179737091,141.8541729119689,-31.328921938085823,-0.2813885659456119,-0.0565128402716473,-1.7943710165497917,7.516789802908943,-0.7463510126347433
7.544594946503686,-1.7718655818724063,-0.11266699867844393,0.1390257179737091,141.5038409641427,-32.79273058366515,-0.28206873290271517,-0.0565128402716473,-1.8283784221440536,7.544594946503686,-0.707829732487919
7.572400090098429,-1.805998628376252,-0.11266699867844393,0.1390257179737091,141.10240253228275,-34.24912493405319,-0.2737915312911241,-0.0565128402716473,-1.8625114686478992,7.572400090098429,-0.6695035653724442
7.600205233693172,-1.8402573157896818,-0.11266699867844393,0.1390257179737091,140.64977619384845,-35.69625921535693,-0.2564735986976743,-0.0565128402716473,-1.896770156061329,7.600205233693172,-0.6314210842855036
7.628010377287915,-1.8746416441126954,-0.11266699867844393,0.1390257179737091,140.14594746027052,-37.13226672487184,-0.23004864143862136,-0.0565128402716473,-1.9311544843843427,7.628010377287915,-0.5936314129824797
7.655815520882658,-1.909151613345293,-0.11266699867844393,0.1390257179737091,139.59097039198772,-38.55526214343045,-0.19446792168964322,-0.0565128402716473,-1.9656644536169403,7.655815520882658,-0.5561841651256743
7.726255980134061,-1.9852723515605586,-0.24473023129931484,0.35220229625701904,138.87108370780197,-39.91158704853345,-0.27474140828280014,-0.12422505154862018,-2.1094974031091787,7.726255980134061,-0.520491404465069
7.754061123728804,-2.0202262554508628,-0.11266699867844393,0.1390257179737091,138.15307481773496,-41.28190831275214,-0.28428183848865984,-0.0565128402716473,-2.0767390957225103,7.754061123728804,-0.4844303185645771
7.781866267323547,-2.055305800250751,-0.11266699867844393,0.1390257179737091,137.38480850443008,-42.631100215753364,-0.2843897381984988,-0.0565128402716473,-2.1118186405223986,7.781866267323547,-0.44892526848559755
7.80967141091829,-2.0905109859602238,-0.11266699867844393,0.1390257179737091,136.56672083527818,-43.95721525112526,-0.2749631382061182,-0.0565128402716473,-2.1470238262318713,7.80967141091829,-0.4140275043968633
7.837476554513033,-2.1258418125792797,-0.11266699867844393,0.1390257179737091,135.69932501868792,-45.258303809613224,-0.2559188375407331,-0.0565128402716473,-2.1823546528509272,7.837476554513033,-0.37978833180507476
7.865281698107776,-2.1612982801079195,-0.11266699867844393,0.1390257179737091,134.78321240511255,-46.53241716913577,-0.22719299960877493,-0.0565128402716473,-2.217811120379567,7.865281698107776,-0.34625903287027104
7.8930868417025195,-2.1968803885461434,-0.11266699867844393,0.1390257179737091,133.81905338065914,-47.77761056727767,-0.1887416654697347,-0.0565128402716473,-2.253393228817791,7.8930868417025195,-0.3134907855507474
7.963527300953922,-2.2753530700730003,-0.24473023129931484,0.35220229625701904,132.70977807503536,-48.906880109710464,-0.27011648678470124,-0.12422505154862018,-2.3995781216216203,7.963527300953922,-0.28377316601304226
7.991332444548665,-2.3113791131689307,-0.11266699867844393,0.1390257179737091,131.5962841591126,-50.048153953728026,-0.2796332069185752,-0.0565128402716473,-2.3678919534405782,7.991332444548665,-0.2537396438020538
8.019137588143407,-2.3475307971744455,-0.11266699867844393,0.1390257179737091,130.4383360561839,-51.15237003647026,-0.2791376297437651,-0.0565128402716473,-2.404043637446093,8.019137588143407,-0.224681325835153
8.046942731738147,-2.3838081220895444,-0.11266699867844393,0.1390257179737091,129.23702938393,-52.217650909511015,-0.2685260361879074,-0.0565128402716473,-2.440320962361192,8.046942731738147,-0.1966476186498698
8.074747875332887,-2.4202110879142276,-0.11266699867844393,0.1390257179737091,127.99354194401687,-53.24214393182998,-0.24771590531658916,-0.0565128402716473,-2.476723928185875,8.074747875332887,-0.16968727595726563
8.102553018927628,-2.4567396946484936,-0.11266699867844393,0.1390257179737091,126.70913368870436,-54.22402484115562,-0.2166465504920012,-0.0565128402716473,-2.513252534920141,8.102553018927628,-0.1438483046592225
8.130358162522368,-2.493393942292344,-0.11266699867844393,0.1390257179737091,125.38514653903394,-55.1615013729992,-0.17527965523714784,-0.0565128402716473,-2.5499067825639914,8.130358162522368,-0.11917786961070709
8.200798621773771,-2.5742185671307922,-0.24473023129931484,0.35220229625701904,123.95204505459799,-55.93889468722526,-0.25774969407238046,-0.12422505154862018,-2.6984436186794123,8.200798621773771,-0.09872015081528462
8.228603765368511,-2.611316749432349,-0.11266699867844393,0.1390257179737091,122.50993316779702,-56.72390855080784,-0.2673162582691049,-0.0565128402716473,-2.6678295897039965,8.228603765368511,-0.07806189124732188
8.256408908963252,-2.64854057264349,-0.11266699867844393,0.1390257179737091,121.03468815805913,-57.45730842435937,-0.2662890358897627,-0.0565128402716473,-2.7050534129151376,8.256408908963252,-0.0587618945749131
8.284214052557992,-2.6858900367642153,-0.11266699867844393,0.1390257179737091,119.52807543738322,-58.137523749391676,-0.2545627008544642,-0.0565128402716473,-2.742402877035863,8.284214052557992,-0.04086149128458927
8.312019196152733,-2.723365141794525,-0.11266699867844393,0.1390257179737091,117.9919379633938,-58.763039389887844,-0.23205572428637566,-0.0565128402716473,-2.7798779820661723,8.312019196152733,-0.024400553376795475
8.339824339747473,-2.760965887734417,-0.11266699867844393,0.1390257179737091,116.42819486067224,-59.33239942772019,-0.19871104985617905,-0.0565128402716473,-2.8174787280060647,8.339824339747473,-0.009417394486470387
8.410264798998876,-2.84386683841295,-0.24473023129931484,0.35220229625701904,114.79952611818383,-59.71162571804313,-0.2927434096323225,-0.12422505154862018,-2.96809188996157,8.410264798998876,0.0005622447325541735
8.438069942593616,-2.8819115190105493,-0.11266699867844393,0.1390257179737091,113.15948862986203,-60.0930899117355,-0.3130165713160409,-0.0565128402716473,-2.938424359282197,8.438069942593616,0.01060077614551136
8.465875086188356,-2.9200818405177325,-0.11266699867844393,0.1390257179737091,111.50065575297702,-60.41288168741873,-0.32209517020547196,-0.0565128402716473,-2.97659468078938,8.465875086188356,0.01901634918980699
8.493680229783097,-2.9583778029345,-0.11266699867844393,0.1390257179737091,109.82532102232462,-60.66991095153884,-0.3198465038366578,-0.0565128402716473,-3.0148906432061473,8.493680229783097,0.025780277192967604
8.521485373377837,-2.9967994062608514,-0.11266699867844393,0.1390257179737091,108.13584170615648,-60.863170263065065,-0.30616411907530505,-0.0565128402716473,-3.053312246532499,8.521485373377837,0.030866048548920944
8.549290516972578,-3.035346650496787,-0.11266699867844393,0.1390257179737091,106.43463608001473,-60.99173840557983,-0.28096866677589816,-0.0565128402716473,-3.0918594907684347,8.549290516972578,0.03424942072036208
8.577095660567318,-3.0740195356423063,-0.11266699867844393,0.1390257179737091,104.72418051077665,-61.05478388951619,-0.24420861729015542,-0.0565128402716473,-3.130532375913954,8.577095660567318,0.03590851240289794
8.604900804162058,-3.1128180616974093,-0.11266699867844393,0.1390257179737091,103.00700635113519,-61.05156837505962,-0.19586082898835855,-0.0565128402716473,-3.1693309019690568,8.604900804162058,0.03582389360140925
8.675341263413461,-3.19834657315904,-0.24473023129931484,0.35220229625701904,101.29503426657043,-60.83825879597398,-0.2793472416051017,-0.12422505154862018,-3.32257162470766,8.675341263413461,0.030210483625471296
8.703146407008202,-3.2375890338718496,-0.11266699867844393,0.1390257179737091,99.57205593405288,-60.61939881440317,-0.2879315781867078,-0.0565128402716473,-3.294101874143497,8.703146407008202,0.024451010426239428
8.730951550602942,-3.2769571354942433,-0.11266699867844393,0.1390257179737091,97.85351850907652,-60.33212230890771,-0.2846148050691184,-0.0565128402716473,-3.3334699757658908,8.730951550602942,0.01689110238688518
8.758756694197682,-3.316450878026221,-0.11266699867844393,0.1390257179737091,96.14219051423751,-59.976226791888024,-0.2692910141345308,-0.0565128402716473,-3.3729637182978687,8.758756694197682,0.007525430886367257
8.786561837792423,-3.3560702614677833,-0.11266699867844393,0.1390257179737091,94.44087209620011,-59.55162223947063,-0.24188435472332515,-0.0565128402716473,-3.412583101739431,8.786561837792423,-0.003648373124616855
8.814366981387163,-3.395815285818929,-0.11266699867844393,0.1390257179737091,92.7523905802694,-59.05833365928801,-0.2023497742618403,-0.0565128402716473,-3.4523281260905767,8.814366981387163,-0.016629651550475133
8.884807440638566,-3.4834201231206445,-0.24473023129931484,0.35220229625701904,91.13012404674568,-58.357775356269634,-0.2982616861061871,-0.12422505154862018,-3.6076451746692646,8.884807440638566,-0.035065396366748214
8.885353839397455,-3.373356894815914,0.3037678469329774,0.002731993794441223,89.37378057939118,-58.09292310283044,0.14087350101574003,0.1554698918849159,-3.2178870029309983,8.885353839397455,-0.04203519250988497
8.983771133422877,-3.518046896558573,-0.3926981454311534,0.4920864701271057,87.79641150468126,-57.263262243313285,0.07186151640517124,-0.2042190450327712,-3.722265941591344,8.983771133422877,-0.06386837302349435
8.983771136403112,-3.373320326313877,0.3900961642253349,1.4901161193847656e-08,86.01516054487111,-57.038618504714826,0.7132859331742054,0.20275865934447887,-3.170561666969398,8.983771136403112,-0.06978005035503276
9.083771136403112,-3.519616000790289,-0.39269908169872414,0.5,84.4207373539536,-56.19897120569418,0.6984815740264647,-0.20421957092811893,-3.723835571718408,9.083771136403112,-2.065253722483021
9.1822391599417,-3.6674916654095324,-0.3926139515698554,0.4923401176929474,82.9502317740412,-55.12345166024517,0.1503152229567135,-0.20417175509276378,-3.8716634205022964,9.1822391599417,-1.9756270936956035
9.261062666773823,-3.518090522097841,0.39269908169872414,0.394117534160614,81.17764065120446,-54.629284626505886,-0.02850215349265639,0.20421957092811893,-3.313870951169722,9.261062666773823,-1.9344465075506632
9.265188428759602,-3.3678144986290333,0.39269908169872414,0.020628809928894043,79.34050154300888,-54.40368761461972,-0.19631238538028128,0.20421957092811893,-3.163594927700914,9.265188428759602,3.141592653589793
9.365180620551138,-3.356441122478656,0.030572506747621186,0.4999609589576721,77.52056143256584,-54.02121759344325,-0.5787824065567548,0.015289826140433237,-3.341151296338223,9.365180620551138,3.141592653589793
9.464744785428074,-3.392105209835703,-0.09469063791371984,0.49782082438468933,75.71118720944222,-53.51229070878621,-1.0877092912137911,-0.04745168552650473,-3.4395568953622075,9.464744785428074,3.141592653589793
9.512963560223607,-3.239002783083259,0.39098051575926884,0.24109387397766113,73.81668020459344,-53.51944498156415,-1.0805550184358523,0.20325475672190654,-3.035748026361352,9.512963560223607,3.141592653589793
9.612963560223607,-3.291029501117192,-0.1357260752043954,0.5,71.93946429588539,-53.17216479343247,-1.4278352065675293,-0.06817701769926458,-3.359206518816457,9.612963560223607,3.141592653589793
9.712963560223606,-3.3997156934319457,-0.277190019402637,0.5,70.11321666892412,-52.55279670244003,-2.0472032975599745,-0.14130908245310972,-3.5410247758850555,9.712963560223606,3.141592653589793
9.810828414559392,-3.4965317684567174,-0.24525737334832565,0.48932427167892456,68.33008305693288,-51.767390131589416,-2.832609868410586,-0.12450078893630863,-3.621032557393026,9.810828414559392,3.141592653589793
9.848931899666812,-3.4534149896420545,0.10945464123657667,0.19051742553710938,66.44513312661176,-51.21376368150774,-3.3862363184922586,0.05489172531142868,-3.398523264330626,9.848931899666812,3.141592653589793
9.848931902647047,-3.6120150519395797,-0.38994816372909163,1.4901161193847656e-08,64.78551980364907,-50.15616380328156,3.5561638032815566,-0.20267566042713922,-3.814690712366719,9.848931902647047,3.141592653589793
9.94873142838481,-3.7723241226586866,-0.3926482657763227,0.49899762868881226,63.31155889035819,-48.84225848986095,2.2422584898609514,-0.20419102838219727,-3.976515151040884,9.94873142838481,3.141592653589793
9.951866289973287,-3.75407118352777,0.045842609505836684,0.015674307942390442,61.67112623114486,-47.71584605378602,1.115846053786015,0.02293335361980791,-3.7311378299079623,9.951866289973287,3.141592653589793
9.990395647287396,-3.734975122967842,0.04788634117260682,0.192646786570549,60.006486151476295,-46.620088962632536,0.0200889626325349,0.023956904489527548,-3.7110182184783147,9.990395647287396,3.141592653589793
10.006201692157347,-3.575395525987221,0.3866925507254566,-0.006644670168586941,58.12259112789497,-45.95508966540784,-0.6449103345921614,0.2008517390981514,-3.37454378688907,10.006201692157347,3.141592653589793
10.00496135372588,-3.413082868497526,0.39264533994016415,-0.006201692157347338,56.15409803007552,-45.60600919882429,-0.9939908011757126,0.20418938500995895,-3.208893483487567,10.00496135372588,3.141592653589793
10.003969082980705,-3.250788990249797,0.39264533994016415,-0.0049613537258803575,54.15529768603558,-45.57961776264261,-1.0203822373573885,0.20418938500995895,-3.046599605239838,10.003969082980705,3.141592653589793
10.003175266384563,-3.2042507083956777,0.11597696201455998,-0.003969082980704641,52.15597772521557,-45.50861319035374,-1.0913868096462593,0.058184134103846305,-3.1460665742918312,10.003175266384563,3.141592653589793
10.002540213107649,-3.1577158732650408,0.11597696201455998,-0.0031752663845630025,50.1556673189886,-45.53069289519338,-1.0693071048066187,0.058184134103846305,-3.0995317391611943,10.002540213107649,3.141592653589793
10.00203217048612,-3.111183795513189,0.11597696201455998,-0.0025402131076486256,48.15866766548473,-45.645790565903766,-0.954209434096235,0.058184134103846305,-3.0529996614093426,10.00203217048612,3.141592653589793
10.001625736388894,-3.0646539236643653,0.11597696201455998,-0.0020321704861192558,46.169277554309936,-45.8536433500813,-0.7463566499187024,0.058184134103846305,-3.006469789560519,10.001625736388894,3.141592653589793
10.001300589111114,-3.018125816537964,0.11597696201455998,-0.0016257363888936283,44.19178328579496,-46.15379129494351,-0.4462087050564918,0.058184134103846305,-2.9599416824341174,10.001300589111114,3.141592653589793
10.001040471288894,-3.0149144727521735,0.008027277271176247,-0.001300589111114192,42.2080458819203,-46.41021676472866,-0.18978323527134222,0.004013703293518907,-3.0109007694586545,10.001040471288894,3.141592653589793
10.000832377031116,-3.0445488604561506,-0.07399430282257585,-0.0010404712888938406,40.214274170234745,-46.5695624020642,-0.030437597935801364,-0.037047862099898556,-3.081596722556049,10.000832377031116,3.141592653589793
10.000665901624894,-3.021754965621304,0.056941827489959795,-0.0008323770311164935,38.23185728337317,-46.83506353627764,0.1561333888442462,0.028494010784603164,-2.9932609548367006,10.000665901624894,0.7998394767759112
10.000532721299917,-2.9451864416731612,0.1899732309990343,-0.0006659016248935501,36.29005992983386,-47.31274880006611,0.35918244640576447,0.09585141176520885,-2.8493350299079525,10.000532721299917,0.7759552135864878
10.000426177039932,-2.8686188694251533,0.1899732309990343,-0.000532721299917327,34.39051525004383,-47.93756143114654,0.5127494885445749,0.09585141176520885,-2.7727674576599446,10.000426177039932,0.7447145820324659
10.000340941631947,-2.711813634095169,0.38029171066477574,-0.0004261770399320852,32.65889379060099,-48.934819880955445,0.8701691325834382,0.1972758494349034,-2.5145377846602655,10.000340941631947,0.6948516595420209
10.000272753305559,-2.8591483014042485,-0.3585378613524911,-0.00034094163194708926,30.69848682891006,-49.32293161581715,0.3781948021164432,-0.18521969357078052,-3.044367994975029,10.000272753305559,0.6754460727989358
10.000218202644445,-2.933808660843717,-0.18531342729950623,-0.0002727533055590925,28.725711886615752,-49.64959849257564,-0.2897911903277013,-0.09345906872787113,-3.027267729571588,10.000218202644445,5.32017804560728
10.000174562115559,-2.9234248708115134,0.025955303222561343,-0.00021820264444549764,26.77574656042615,-50.094307615624196,-0.7322168988478914,0.012979837668272955,-2.9104450331432403,10.000174562115559,5.335001683042233
10.000139649692446,-3.0835601797526633,-0.387898978303722,-0.000174562115558885,24.778961322705822,-50.02091695305221,-1.5459056133763198,-0.20152721916009989,-3.285087398912763,10.000139649692446,5.332555327623166
10.000111719753956,-3.1356504962837115,-0.1297676683842634,-0.00013964969244639747,22.779735879179903,-49.97194791580158,-2.216603951765883,-0.06515814293269931,-3.200808639216411,10.000111719753956,5.330923026381479
10.000089375803165,-2.9734063962865154,0.39269908169872414,-0.00011171975395640743,20.851016565226214,-50.49380163778973,-2.183867228494776,0.20421957092811893,-2.769186825358396,10.000089375803165,5.34831815044775
10.000071500642534,-2.9268849599832394,0.11597696201455998,-8.937580316548122e-05,18.909376078042325,-50.97281909333564,-2.0524037188875397,0.058184134103846305,-2.868700825879393,10.000071500642534,5.364285398965947
10.000057200514028,-2.7646431993085043,0.3926951493749271,-7.150064253380606e-05,17.130693412381408,-51.8830650648777,-1.3376298446796717,0.2042173621696297,-2.5604258371388746,10.000057200514028,5.3946269313506825
10.000045760411222,-2.820915422114099,-0.14010513907283978,-5.720051402846593e-05,15.213163380179553,-52.450676830680635,-0.8485438045810412,-0.07039803598591877,-2.8913134581000177,10.000045760411222,5.413547323544114
10.000036608328978,-2.877187584835746,-0.14010513907283978,-4.57604112220622e-05,13.2667467024152,-52.90954295460842,-0.339770719456844,-0.07039803598591877,-2.947585620821665,10.000036608328978,5.428842861008373
10.000029286663182,-3.0097474833129323,-0.32418814693758063,-3.6608328978005034e-05,11.27092794399497,-53.016924357594974,-0.050015497935579134,-0.1664670785690033,-3.1762145618819355,10.000029286663182,5.432422241107925
10.000023429330547,-3.160459422604148,-0.36633107173098456,-2.9286663181693484e-05,9.284229050467292,-52.801695455106255,0.050292382493704935,-0.18952193256443733,-3.3499813551685853,10.000023429330547,5.425247944358301
10.000018743464436,-3.311171279503726,-0.36633107173098456,-2.3429330546775873e-05,7.352366455058091,-52.29061960168606,-0.017633119992265023,-0.18952193256443733,-3.500693212068163,10.000018743464436,5.408212082577627
10.000014994771549,-3.4538767251734646,-0.3478361357655218,-1.874346443564434e-05,5.508908882109456,-51.51883755049177,-0.22780486243674858,-0.17934131853253846,-3.633218043706003,10.000014994771549,5.382486014204485
10.000011995817237,-3.2920545781272317,0.39174324613576483,-1.4994771548870744e-05,3.5138294859582873,-51.40967673775819,0.36586964634645724,0.2036828369287306,-3.088371741198501,10.000011995817237,5.378847320446699
10.000009596653788,-3.454124453814746,-0.3923065281130059,-1.1995817237320239e-05,1.6801647255755485,-50.61601090610783,0.39049956088915394,-0.2039991018675076,-3.658123555682254,10.000009596653788,5.35239179272502
10.00000767732303,-3.6163669353046926,-0.39269891785189925,-9.596653788079834e-06,-0.0010998025527694244,-49.53639840963513,0.22220370514456178,-0.2042194788964119,-3.8205864142011046,10.00000767732303,5.316404709509263
10.000006141858426,-3.7636970199635638,-0.3585378613524911,-7.677323029753325e-06,-1.517772078292928,-48.23513619372075,-0.09017199264034659,-0.18521969357078052,-3.948916713534344,10.000006141858426,5.273029302312118
10.00000491348674,-3.758614673402216,0.012705431815090651,-6.141858426289559e-06,-3.1524054416091793,-47.0827600832231,-0.08128511294790641,0.006352972294444302,-3.7522617011077717,10.00000491348674,5.234616765295529
10.000003930789392,-3.8486942717150003,-0.22287507783587712,-4.9134867392552906e-06,-4.6017977145949045,-45.705493950554455,-0.23027321569393067,-0.11283874864856129,-3.9615330203635617,10.000003930789392,5.1887078942065745
10.000003144631512,-3.686872291772286,0.39174324613576483,-3.930789391759504e-06,-6.401399692131267,-44.83734513041932,0.3624298113499691,0.2036828369287306,-3.4831894548435556,10.000003144631512,5.15976960020207
10.000002515705209,-3.848942033572297,-0.3923065281130059,-3.1446315116312462e-06,-7.788717909273686,-43.399439192104346,0.3860678565942699,-0.2039991018675076,-4.052941135439805,10.000002515705209,5.111839402258237
10.000002012564165,-4.011184407838145,-0.39269891785189925,-2.5157052085944542e-06,-8.925374650543024,-41.7562046554477,0.21680066540162457,-0.2042194788964119,-4.215403886734556,10.000002012564165,5.057064917703016
10.000001610051331,-4.1585144146020605,-0.3585378613524911,-2.0125641650992065e-06,-9.824846905096061,-39.97168130340162,-0.09652225336242637,-0.18521969357078052,-4.343734108172841,10.000001610051331,4.997580805968147
10.000001288041068,-4.153432070190385,0.012705431815090651,-1.6100513313688225e-06,-10.89047273852155,-38.279217084603715,-0.08857203188367535,0.006352972294444302,-4.14707909789594,10.000001288041068,4.941165332008216
10.000001030432855,-4.243511638022505,-0.22287507783587712,-1.2880410675819576e-06,-11.698607244842409,-36.450415324655076,-0.2384635473019543,-0.11283874864856129,-4.356350386671066,10.000001030432855,4.880205273343261
10.000000824346284,-4.081689701884975,0.39174324613576483,-1.0304328554866515e-06,-13.025835327940603,-34.956858124601375,0.3534147529718439,0.2036828369287306,-3.8780068649562445,10.000000824346284,4.830420033341472
10.00000065947703,-4.243759408587181,-0.3923065281130059,-8.243462836787785e-07,-13.753346954581694,-33.095957689184885,0.37623656970778896,-0.2039991018675076,-4.447758510454689,10.00000065947703,4.7683900188275885
10.000000527581623,-4.4060017547448735,-0.39269891785189925,-6.594770294299224e-07,-14.170503921532168,-31.141939527966766,0.20619662579867182,-0.2042194788964119,-4.610221233641285,10.000000527581623,4.703256080120318
10.000000422065296,-4.553331741089095,-0.3585378613524911,-5.275816228333952e-07,-14.314378584712756,-29.148732838523337,-0.10785274316535265,-0.18521969357078052,-4.738551434659875,10.000000422065296,4.6368158571388705
10.000000337652239,-4.5482493972409435,0.012705431815090651,-4.220652964903593e-07,-14.647033703141599,-27.176593585343724,-0.100592226247322,0.006352972294444302,-4.541896424946499,10.000000337652239,4.571077882032883
10.000000270121793,-4.638328957082741,-0.22287507783587712,-3.376522386133729e-07,-14.689566338849346,-25.17764698184434,-0.2511192214334663,-0.11283874864856129,-4.7511677057313015,10.000000270121793,4.504446328582904
10.000000216097435,-4.4765070324284775,0.39174324613576483,-2.701217933775979e-07,-15.340205329267055,-23.28848954185019,0.34020751268408844,0.2036828369287306,-4.272824195499747,10.000000216097435,2.3470793115232365
10.000000172877948,-4.638576729930003,-0.3923065281130059,-2.1609743505734968e-07,-15.295971237137396,-21.290924401444897,0.3625140257220103,-0.2039991018675076,-4.842575831797511,10.000000172877948,2.28049380684306
10.000000138302358,-4.800819068719313,-0.39269891785189925,-1.7287794840115112e-07,-14.929442317506762,-19.32678003337182,0.19201871919427305,-0.2042194788964119,-5.005038547615724,10.000000138302358,2.2150223279072905
10.000000110641887,-4.948149049710632,-0.3585378613524911,-1.3830235801037816e-07,-14.29558212411618,-17.431577196979138,-0.12242449284328671,-0.18521969357078052,-5.133368743281412,10.000000110641887,2.1518489000275345
10.000000088513508,-4.943066706010203,0.012705431815090651,-1.106418867635739e-07,-13.844082277101958,-15.483208567236218,-0.115500494210103,0.006352972294444302,-4.9367137337157585,10.000000088513508,2.086903279036104
10.000000070810804,-5.033146263757386,-0.22287507783587712,-8.851350763450228e-08,-13.114468821370592,-13.621687531050581,-0.2662970796699966,-0.11283874864856129,-5.145985012405947,10.000000070810804,2.024852577829916
10.000000056648645,-4.871324342113392,0.39174324613576483,-7.081080433124498e-08,-12.98840742466756,-11.627607466217066,0.32483631665466817,0.2036828369287306,-4.667641505184662,10.000000056648645,1.9583832423354655
10.000000045318918,-5.033394037203015,-0.3923065281130059,-5.6648644886081456e-08,-12.179233837697097,-9.800735513223577,0.34700798576627534,-0.2039991018675076,-5.237393139070523,10.000000045318918,1.8974875105690159
10.000000036255134,-5.195636374060746,-0.39269891785189925,-4.531891839576474e-08,-11.08541553541313,-8.12868049789634,0.17644510359169985,-0.2042194788964119,-5.399855852957158,10.000000036255134,1.8417523433914411
10.000000029004108,-5.342966353648836,-0.3585378613524911,-3.6255134006069056e-08,-9.771350238470447,-6.6230892999741195,-0.1379983401378837,-0.18521969357078052,-5.5281860472196165,10.000000029004108,1.7915659701273672
10.000000023203286,-5.337884009987133,0.012705431815090651,-2.9004107560126613e-08,-8.605166063075586,-4.9982795150076464,-0.13100541403905552,0.006352972294444302,-5.331531037692688,10.000000023203286,1.737405643961818
10.00000001856263,-5.480589206318875,-0.3478361357655218,-2.3203286403372658e-08,-7.100570896732379,-3.682922982236259,-0.4489434252788769,-0.17934131853253846,-5.659930524851413,10.00000001856263,1.693560426202772
10.000000014850107,-5.318347601119313,0.39269725597696126,-1.8562630543783598e-08,-6.12534040484132,-1.9390388144424704,0.04281394928439042,0.20421854543246257,-5.11412905568685,10.000000014850107,1.6354309539429788
10.000000011880088,-5.469059128661227,-0.36633107173098456,-1.4850106921926454e-08,-4.629704814885541,-0.6137658710301457,-0.0001578325155655591,-0.18952193256443733,-5.658581061225664,10.000000011880088,1.5912551891625681
10.000000009504069,-5.619770656161364,-0.36633107173098456,-1.1880088024440738e-08,-2.952044362021221,0.4719272693959128,-0.21106878591601586,-0.18952193256443733,-5.809292588725802,10.000000009504069,1.5550654178150327
10.000000007603253,-5.457948735443311,0.39174324613576483,-9.504068643195751e-09,-1.7432298125511798,2.0628433954376204,0.3909455209507513,0.2036828369287306,-5.25426589851458,10.000000007603253,1.5020348802803092
10.000000006082603,-5.62001842979105,-0.3923065281130059,-7.603253138199761e-09,-0.058068409499566376,3.1363675151826493,0.42411792678586835,-0.2039991018675076,-5.824017531658558,10.000000006082603,1.466250742955475
10.000000004866083,-5.78226076605464,-0.39269891785189925,-6.082602865831177e-09,1.778449727859147,3.923392009505751,0.2642109446449865,-0.2042194788964119,-5.986480244951052,10.000000004866083,1.4400165931447049
10.000000003892866,-5.9295907452111045,-0.3585378613524911,-4.8660826479363095e-09,3.70624611248852,4.4498647399859985,-0.03996211685975126,-0.18521969357078052,-6.114810438781885,10.000000003892866,1.4224675021286965
10.000000003114295,-6.066610021578195,-0.33461168402259645,-3.8928664736204155e-09,5.686455493112018,4.720439982424745,-0.4722644266369329,-0.17212272869550552,-6.238732750273701,10.000000003114295,1.4134483273807383
10.000000002491438,-5.9084709272725595,0.3833529779274163,-3.114294599981804e-09,7.46950129658598,5.622295314936572,-0.1134214570064529,0.19898439483094815,-5.709486532441612,10.000000002491438,1.3833864829636773
10.000000001993149,-6.0591824546406325,-0.36633107173098456,-2.4914381668850183e-09,9.449649130754825,5.891160965630995,-0.28585735221173536,-0.18952193256443733,-6.24870438720507,10.000000001993149,1.3744242946071967
10.000000001594518,-5.897360534036019,0.39174324613576483,-1.9931487571511752e-09,11.220415967417734,6.816704881228095,0.3529433228861514,0.2036828369287306,-5.693677697107288,10.000000001594518,1.3435728307539603
10.000000001275616,-6.059430228292866,-0.3923065281130059,-1.5945182951782044e-09,13.20217538826697,7.071366585093731,0.42453091800597065,-0.2039991018675076,-6.263429330160374,10.000000001275616,1.335084107291772
10.000000001020492,-6.221672564483667,-0.39269891785189925,-1.275616057228035e-09,15.19903395559204,7.002357295591986,0.30301094256469696,-0.2042194788964119,-6.425892043380078,10.000000001020492,1.3373844169418305
10.000000000816394,-6.383914900670604,-0.39269891785189925,-1.0204921352396923e-09,17.158521717072833,6.611698707622497,-0.010519584716700336,-0.2042194788964119,-6.588134379567015,10.000000000816394,1.3504063698741469
10.000000000653117,-6.520934176998351,-0.33461168402259645,-8.163940634631217e-10,19.056597695776134,5.985801168316747,-0.4345787289347278,-0.17212272869550552,-6.693056905693856,10.000000000653117,1.3712696211843385
10.000000000522496,-6.362795082729041,0.3833529779274163,-6.531166718559689e-10,21.054551303437435,6.013671544499223,-0.06759396732799416,0.19898439483094815,-6.163810687898093,10.000000000522496,1.3703406086449226
10.000000000417998,-6.523127288394492,-0.388353372362487,-5.224958243843503e-10,22.94168199333409,5.357069320405899,-0.2628526096097126,-0.20178175911174967,-6.724909047506242,10.000000000417998,1.3922273494480333
10.000000000334401,-6.361305367813667,0.39174324613576483,-4.1799808059295174e-10,24.939430411221558,5.392396182432264,0.3652083080154327,0.2036828369287306,-6.157622530884937,10.000000000334401,1.3910497873804877
10.000000000267521,-6.5233750620514535,-0.3923065281130059,-3.3440095137393655e-10,26.825662295376073,4.7333421149975825,0.42555765899413345,-0.2039991018675076,-6.727374163918961,10.000000000267521,1.4130182562949773
10.000000000214017,-6.670705041144685,-0.3585378613524911,-2.675211163705171e-10,28.603257164243033,3.820254542371111,0.3406791604856849,-0.18521969357078052,-6.855924734715465,10.000000000214017,1.4434545087158597
10.000000000171214,-6.832875871771546,-0.3925364052083096,-2.1401724836778158e-10,30.199053234314746,2.6179034351083184,0.04515501200233629,-0.20412820101306833,-7.037004072784614,10.000000000171214,5.890481703336703
10.00000000013697,-6.822492293206778,0.025955303222561343,-1.7121415396559314e-10,31.921365897038413,1.601238718614908,-0.09424658102236805,0.012979837668272955,-6.809512455538505,10.00000000013697,5.839648467512032
10.000000000109578,-6.766299246327425,0.13991034860474916,-1.369695468156351e-10,33.721808678303255,0.730911038352714,-0.2660670995559862,0.07029919712951224,-6.696000049197913,10.000000000109578,5.7961320834989225
10.000000000087665,-6.604080485045901,0.39264533994016415,-1.0957812435208325e-10,35.66956335124219,0.28542207528762426,-0.1845798647993,0.20418938500995895,-6.399891100035942,10.000000000087665,5.773857635345668
10.000000000070132,-6.441838983119432,0.3926970219100685,-8.766498638124176e-11,37.663700830902805,0.16043323035964066,0.023346040576708305,0.2042184139587411,-6.237620569160691,10.000000000070132,5.767608193099269
10.000000000056106,-6.406631359077688,0.08787751242826752,-7.013234437636129e-11,39.65303164851742,-0.04498251581228212,-0.04798521288736879,0.04402374900872338,-6.362607610068965,10.000000000056106,5.757337405790673
10.000000000044883,-6.371423735035993,0.08787751242826752,-5.610623077245691e-11,41.6483603356432,-0.1802458183339208,-0.1802458183339208,0.04402374900872338,-6.327399986027269,10.000000000044883,0.0
10.000000000035909,-6.531556435021546,-0.387898978303722,-4.488320826112613e-11,43.52997562927349,-0.8525043433260412,-0.8525043433260412,-0.20152721916009989,-6.733083654181646,10.000000000035909,0.0
10.000000000028725,-6.533421657000011,-0.0046630338226471,-3.590905350847606e-11,45.467143201119235,-1.3498782145593515,-1.3498782145593515,-0.0023315295854510138,-6.535753186585462,10.000000000028725,0.0
10.00000000002298,-6.371179248732694,0.39269908169872414,-2.872546644994145e-11,47.46512888940564,-1.3337660610390087,-1.3337660610390087,0.20421957092811893,-6.1669596778045745,10.00000000002298,0.0
10.000000000018387,-6.324658200495883,0.11597696201455998,-2.298072843132104e-11,49.464764030967196,-1.362368375702453,-1.362368375702453,0.058184134103846305,-6.266474066392037,10.000000000018387,0.0
10.00000000001471,-6.278137152259092,0.11597696201455998,-1.8387069644631993e-11,51.46356587938999,-1.2979481730468323,-1.2979481730468323,0.058184134103846305,-6.219953018155246,10.00000000001471,0.0
10.000000000011768,-6.231616104022317,0.11597696201455998,-1.4710010987073474e-11,53.45720939197397,-1.1406448466431836,-1.1406448466431836,0.058184134103846305,-6.173431969918471,10.000000000011768,0.0
10.000000000009413,-6.185095055785555,0.11597696201455998,-1.176836406102666e-11,55.441380687717114,-0.8907987722042243,-0.8907987722042243,0.058184134103846305,-6.126910921681709,10.000000000009413,0.0
10.000000000007532,-6.0228543778065315,0.3926951493749271,-9.412914891981927e-12,57.31388024308839,-0.1936962020464642,-0.1936962020464642,0.2042173621696297,-5.818637015636902,10.000000000007532,0.0
